episode_reward_max,episode_reward_min,episode_reward_mean,episode_len_mean,episodes_this_iter,policy_reward_mean,custom_metrics,sampler_perf,off_policy_estimator,num_metric_batches_dropped,info,timesteps_this_iter,done,timesteps_total,episodes_total,training_iteration,experiment_id,date,timestamp,time_this_iter_s,time_total_s,pid,hostname,node_ip,config,time_since_restore,timesteps_since_restore,iterations_since_restore,num_healthy_workers
9.12318991702911,-55.82074437225341,-16.518841708391648,150.0,168,{},{},"{'mean_env_wait_ms': 0.9806971385182758, 'mean_processing_ms': 1.186375542106309, 'mean_inference_ms': 4.109201797970344}",{},0,"{'num_steps_trained': 25000, 'num_steps_sampled': 25200, 'sample_time_ms': 159070.737, 'load_time_ms': 576.847, 'grad_time_ms': 25901.156, 'update_time_ms': 0.004, 'learner': {'default_policy': {'cur_kl_coeff': 1.0, 'cur_lr': 9.999999747378752e-05, 'total_loss': 92.7494125366211, 'policy_loss': -0.004455531015992165, 'vf_loss': 92.75261688232422, 'vf_explained_var': 0.11701001226902008, 'kl': 0.0012397062964737415, 'entropy': 2.8388378620147705}}}",25200,False,25200,168,1,e47dab3640d4493b9cb02c9d013e0248,2019-07-15_03-09-14,1563152954,185.81793022155762,185.81793022155762,58430,KayidmacOS,192.168.0.3,"{'monitor': False, 'log_level': 'INFO', 'callbacks': {'on_episode_start': None, 'on_episode_step': None, 'on_episode_end': None, 'on_sample_end': None, 'on_train_result': None, 'on_postprocess_traj': None}, 'ignore_worker_failures': False, 'use_eager': False, 'model': {'conv_filters': None, 'conv_activation': 'relu', 'fcnet_activation': 'tanh', 'fcnet_hiddens': [256, 256], 'free_log_std': True, 'squash_to_range': False, 'use_lstm': False, 'max_seq_len': 20, 'lstm_cell_size': 256, 'lstm_use_prev_action_reward': False, 'framestack': True, 'dim': 84, 'grayscale': False, 'zero_mean': True, 'custom_preprocessor': None, 'custom_model': None, 'custom_options': {}}, 'optimizer': {}, 'gamma': 0.995, 'horizon': None, 'soft_horizon': False, 'env_config': {}, 'env': 'RoboschoolReacher-v1', 'clip_rewards': None, 'clip_actions': True, 'preprocessor_pref': 'deepmind', 'lr': 0.0001, 'evaluation_interval': None, 'evaluation_num_episodes': 10, 'evaluation_config': {}, 'num_workers': 0, 'num_gpus': 0, 'num_cpus_per_worker': 1, 'num_gpus_per_worker': 0, 'custom_resources_per_worker': {}, 'num_cpus_for_driver': 1, 'num_envs_per_worker': 1, 'sample_batch_size': 200, 'train_batch_size': 25000, 'batch_mode': 'complete_episodes', 'sample_async': False, 'observation_filter': 'MeanStdFilter', 'synchronize_filters': True, 'tf_session_args': {'intra_op_parallelism_threads': 2, 'inter_op_parallelism_threads': 2, 'gpu_options': {'allow_growth': True}, 'log_device_placement': False, 'device_count': {'CPU': 1}, 'allow_soft_placement': True}, 'local_tf_session_args': {'intra_op_parallelism_threads': 8, 'inter_op_parallelism_threads': 8}, 'compress_observations': False, 'collect_metrics_timeout': 180, 'metrics_smoothing_episodes': 100, 'remote_worker_envs': False, 'remote_env_batch_wait_ms': 0, 'min_iter_time_s': 0, 'timesteps_per_iteration': 0, 'input': 'sampler', 'input_evaluation': ['is', 'wis'], 'postprocess_inputs': False, 'shuffle_buffer_size': 0, 'output': None, 'output_compress_columns': ['obs', 'new_obs'], 'output_max_file_size': 67108864, 'multiagent': {'policies': {}, 'policy_mapping_fn': None, 'policies_to_train': None}, 'use_gae': True, 'lambda': 1.0, 'kl_coeff': 1.0, 'sgd_minibatch_size': 1000, 'num_sgd_iter': 20, 'lr_schedule': None, 'vf_share_layers': False, 'vf_loss_coeff': 1.0, 'entropy_coeff': 0.0, 'clip_param': 0.3, 'vf_clip_param': 10.0, 'grad_clip': None, 'kl_target': 0.01, 'simple_optimizer': False, 'straggler_mitigation': False}",185.81793022155762,25200,1,0
19.88203454117996,-58.42824334472199,-13.807494561039432,150.0,168,{},{},"{'mean_env_wait_ms': 1.3418103921948197, 'mean_processing_ms': 1.9457012989088616, 'mean_inference_ms': 6.5083220133655875}",{},0,"{'num_steps_trained': 50000, 'num_steps_sampled': 50400, 'sample_time_ms': 248521.792, 'load_time_ms': 293.603, 'grad_time_ms': 31537.943, 'update_time_ms': 0.005, 'learner': {'default_policy': {'cur_kl_coeff': 0.5, 'cur_lr': 9.999999747378752e-05, 'total_loss': 64.87696075439453, 'policy_loss': -0.006074010860174894, 'vf_loss': 64.88109588623047, 'vf_explained_var': 0.3190222978591919, 'kl': 0.0038764020428061485, 'entropy': 2.8329689502716064}}}",25200,False,50400,336,2,e47dab3640d4493b9cb02c9d013e0248,2019-07-15_03-15-30,1563153330,375.8918390274048,561.7097692489624,58430,KayidmacOS,192.168.0.3,"{'monitor': False, 'log_level': 'INFO', 'callbacks': {'on_episode_start': None, 'on_episode_step': None, 'on_episode_end': None, 'on_sample_end': None, 'on_train_result': None, 'on_postprocess_traj': None}, 'ignore_worker_failures': False, 'use_eager': False, 'model': {'conv_filters': None, 'conv_activation': 'relu', 'fcnet_activation': 'tanh', 'fcnet_hiddens': [256, 256], 'free_log_std': True, 'squash_to_range': False, 'use_lstm': False, 'max_seq_len': 20, 'lstm_cell_size': 256, 'lstm_use_prev_action_reward': False, 'framestack': True, 'dim': 84, 'grayscale': False, 'zero_mean': True, 'custom_preprocessor': None, 'custom_model': None, 'custom_options': {}}, 'optimizer': {}, 'gamma': 0.995, 'horizon': None, 'soft_horizon': False, 'env_config': {}, 'env': 'RoboschoolReacher-v1', 'clip_rewards': None, 'clip_actions': True, 'preprocessor_pref': 'deepmind', 'lr': 0.0001, 'evaluation_interval': None, 'evaluation_num_episodes': 10, 'evaluation_config': {}, 'num_workers': 0, 'num_gpus': 0, 'num_cpus_per_worker': 1, 'num_gpus_per_worker': 0, 'custom_resources_per_worker': {}, 'num_cpus_for_driver': 1, 'num_envs_per_worker': 1, 'sample_batch_size': 200, 'train_batch_size': 25000, 'batch_mode': 'complete_episodes', 'sample_async': False, 'observation_filter': 'MeanStdFilter', 'synchronize_filters': True, 'tf_session_args': {'intra_op_parallelism_threads': 2, 'inter_op_parallelism_threads': 2, 'gpu_options': {'allow_growth': True}, 'log_device_placement': False, 'device_count': {'CPU': 1}, 'allow_soft_placement': True}, 'local_tf_session_args': {'intra_op_parallelism_threads': 8, 'inter_op_parallelism_threads': 8}, 'compress_observations': False, 'collect_metrics_timeout': 180, 'metrics_smoothing_episodes': 100, 'remote_worker_envs': False, 'remote_env_batch_wait_ms': 0, 'min_iter_time_s': 0, 'timesteps_per_iteration': 0, 'input': 'sampler', 'input_evaluation': ['is', 'wis'], 'postprocess_inputs': False, 'shuffle_buffer_size': 0, 'output': None, 'output_compress_columns': ['obs', 'new_obs'], 'output_max_file_size': 67108864, 'multiagent': {'policies': {}, 'policy_mapping_fn': None, 'policies_to_train': None}, 'use_gae': True, 'lambda': 1.0, 'kl_coeff': 1.0, 'sgd_minibatch_size': 1000, 'num_sgd_iter': 20, 'lr_schedule': None, 'vf_share_layers': False, 'vf_loss_coeff': 1.0, 'entropy_coeff': 0.0, 'clip_param': 0.3, 'vf_clip_param': 10.0, 'grad_clip': None, 'kl_target': 0.01, 'simple_optimizer': False, 'straggler_mitigation': False}",561.7097692489624,50400,2,0
25.019392252008966,-45.32875753318735,-11.552790948868081,150.0,168,{},{},"{'mean_env_wait_ms': 1.633243395792404, 'mean_processing_ms': 2.332355655663051, 'mean_inference_ms': 7.635015758329173}",{},0,"{'num_steps_trained': 75000, 'num_steps_sampled': 75600, 'sample_time_ms': 294404.005, 'load_time_ms': 199.403, 'grad_time_ms': 33291.571, 'update_time_ms': 0.004, 'learner': {'default_policy': {'cur_kl_coeff': 0.25, 'cur_lr': 9.999999747378752e-05, 'total_loss': 60.04463195800781, 'policy_loss': -0.004720063880085945, 'vf_loss': 60.04848098754883, 'vf_explained_var': 0.3390958309173584, 'kl': 0.0034830800723284483, 'entropy': 2.82796049118042}}}",25200,False,75600,504,3,e47dab3640d4493b9cb02c9d013e0248,2019-07-15_03-22-34,1563153754,423.2107219696045,984.9204912185669,58430,KayidmacOS,192.168.0.3,"{'monitor': False, 'log_level': 'INFO', 'callbacks': {'on_episode_start': None, 'on_episode_step': None, 'on_episode_end': None, 'on_sample_end': None, 'on_train_result': None, 'on_postprocess_traj': None}, 'ignore_worker_failures': False, 'use_eager': False, 'model': {'conv_filters': None, 'conv_activation': 'relu', 'fcnet_activation': 'tanh', 'fcnet_hiddens': [256, 256], 'free_log_std': True, 'squash_to_range': False, 'use_lstm': False, 'max_seq_len': 20, 'lstm_cell_size': 256, 'lstm_use_prev_action_reward': False, 'framestack': True, 'dim': 84, 'grayscale': False, 'zero_mean': True, 'custom_preprocessor': None, 'custom_model': None, 'custom_options': {}}, 'optimizer': {}, 'gamma': 0.995, 'horizon': None, 'soft_horizon': False, 'env_config': {}, 'env': 'RoboschoolReacher-v1', 'clip_rewards': None, 'clip_actions': True, 'preprocessor_pref': 'deepmind', 'lr': 0.0001, 'evaluation_interval': None, 'evaluation_num_episodes': 10, 'evaluation_config': {}, 'num_workers': 0, 'num_gpus': 0, 'num_cpus_per_worker': 1, 'num_gpus_per_worker': 0, 'custom_resources_per_worker': {}, 'num_cpus_for_driver': 1, 'num_envs_per_worker': 1, 'sample_batch_size': 200, 'train_batch_size': 25000, 'batch_mode': 'complete_episodes', 'sample_async': False, 'observation_filter': 'MeanStdFilter', 'synchronize_filters': True, 'tf_session_args': {'intra_op_parallelism_threads': 2, 'inter_op_parallelism_threads': 2, 'gpu_options': {'allow_growth': True}, 'log_device_placement': False, 'device_count': {'CPU': 1}, 'allow_soft_placement': True}, 'local_tf_session_args': {'intra_op_parallelism_threads': 8, 'inter_op_parallelism_threads': 8}, 'compress_observations': False, 'collect_metrics_timeout': 180, 'metrics_smoothing_episodes': 100, 'remote_worker_envs': False, 'remote_env_batch_wait_ms': 0, 'min_iter_time_s': 0, 'timesteps_per_iteration': 0, 'input': 'sampler', 'input_evaluation': ['is', 'wis'], 'postprocess_inputs': False, 'shuffle_buffer_size': 0, 'output': None, 'output_compress_columns': ['obs', 'new_obs'], 'output_max_file_size': 67108864, 'multiagent': {'policies': {}, 'policy_mapping_fn': None, 'policies_to_train': None}, 'use_gae': True, 'lambda': 1.0, 'kl_coeff': 1.0, 'sgd_minibatch_size': 1000, 'num_sgd_iter': 20, 'lr_schedule': None, 'vf_share_layers': False, 'vf_loss_coeff': 1.0, 'entropy_coeff': 0.0, 'clip_param': 0.3, 'vf_clip_param': 10.0, 'grad_clip': None, 'kl_target': 0.01, 'simple_optimizer': False, 'straggler_mitigation': False}",984.9204912185669,75600,3,0
15.512013896641704,-39.77587397937713,-10.096196633217525,150.0,168,{},{},"{'mean_env_wait_ms': 1.6027854203957888, 'mean_processing_ms': 2.3888156233824334, 'mean_inference_ms': 7.741260419290354}",{},0,"{'num_steps_trained': 100000, 'num_steps_sampled': 100800, 'sample_time_ms': 297622.81, 'load_time_ms': 149.876, 'grad_time_ms': 32451.36, 'update_time_ms': 0.004, 'learner': {'default_policy': {'cur_kl_coeff': 0.125, 'cur_lr': 9.999999747378752e-05, 'total_loss': 54.26988220214844, 'policy_loss': -0.0061327749863266945, 'vf_loss': 54.27516174316406, 'vf_explained_var': 0.32517892122268677, 'kl': 0.006888239178806543, 'entropy': 2.8195626735687256}}}",25200,False,100800,672,4,e47dab3640d4493b9cb02c9d013e0248,2019-07-15_03-28-11,1563154091,337.4958453178406,1322.4163365364075,58430,KayidmacOS,192.168.0.3,"{'monitor': False, 'log_level': 'INFO', 'callbacks': {'on_episode_start': None, 'on_episode_step': None, 'on_episode_end': None, 'on_sample_end': None, 'on_train_result': None, 'on_postprocess_traj': None}, 'ignore_worker_failures': False, 'use_eager': False, 'model': {'conv_filters': None, 'conv_activation': 'relu', 'fcnet_activation': 'tanh', 'fcnet_hiddens': [256, 256], 'free_log_std': True, 'squash_to_range': False, 'use_lstm': False, 'max_seq_len': 20, 'lstm_cell_size': 256, 'lstm_use_prev_action_reward': False, 'framestack': True, 'dim': 84, 'grayscale': False, 'zero_mean': True, 'custom_preprocessor': None, 'custom_model': None, 'custom_options': {}}, 'optimizer': {}, 'gamma': 0.995, 'horizon': None, 'soft_horizon': False, 'env_config': {}, 'env': 'RoboschoolReacher-v1', 'clip_rewards': None, 'clip_actions': True, 'preprocessor_pref': 'deepmind', 'lr': 0.0001, 'evaluation_interval': None, 'evaluation_num_episodes': 10, 'evaluation_config': {}, 'num_workers': 0, 'num_gpus': 0, 'num_cpus_per_worker': 1, 'num_gpus_per_worker': 0, 'custom_resources_per_worker': {}, 'num_cpus_for_driver': 1, 'num_envs_per_worker': 1, 'sample_batch_size': 200, 'train_batch_size': 25000, 'batch_mode': 'complete_episodes', 'sample_async': False, 'observation_filter': 'MeanStdFilter', 'synchronize_filters': True, 'tf_session_args': {'intra_op_parallelism_threads': 2, 'inter_op_parallelism_threads': 2, 'gpu_options': {'allow_growth': True}, 'log_device_placement': False, 'device_count': {'CPU': 1}, 'allow_soft_placement': True}, 'local_tf_session_args': {'intra_op_parallelism_threads': 8, 'inter_op_parallelism_threads': 8}, 'compress_observations': False, 'collect_metrics_timeout': 180, 'metrics_smoothing_episodes': 100, 'remote_worker_envs': False, 'remote_env_batch_wait_ms': 0, 'min_iter_time_s': 0, 'timesteps_per_iteration': 0, 'input': 'sampler', 'input_evaluation': ['is', 'wis'], 'postprocess_inputs': False, 'shuffle_buffer_size': 0, 'output': None, 'output_compress_columns': ['obs', 'new_obs'], 'output_max_file_size': 67108864, 'multiagent': {'policies': {}, 'policy_mapping_fn': None, 'policies_to_train': None}, 'use_gae': True, 'lambda': 1.0, 'kl_coeff': 1.0, 'sgd_minibatch_size': 1000, 'num_sgd_iter': 20, 'lr_schedule': None, 'vf_share_layers': False, 'vf_loss_coeff': 1.0, 'entropy_coeff': 0.0, 'clip_param': 0.3, 'vf_clip_param': 10.0, 'grad_clip': None, 'kl_target': 0.01, 'simple_optimizer': False, 'straggler_mitigation': False}",1322.4163365364075,100800,4,0
13.967560902084655,-46.92815734530142,-9.55361611247914,150.0,168,{},{},"{'mean_env_wait_ms': 1.5492017367093502, 'mean_processing_ms': 2.3924082470555526, 'mean_inference_ms': 7.759174978281491}",{},0,"{'num_steps_trained': 125000, 'num_steps_sampled': 126000, 'sample_time_ms': 296889.001, 'load_time_ms': 123.674, 'grad_time_ms': 32274.965, 'update_time_ms': 0.004, 'learner': {'default_policy': {'cur_kl_coeff': 0.125, 'cur_lr': 9.999999747378752e-05, 'total_loss': 47.012794494628906, 'policy_loss': -0.00723188417032361, 'vf_loss': 47.01921844482422, 'vf_explained_var': 0.3804222047328949, 'kl': 0.006399931386113167, 'entropy': 2.8074207305908203}}}",25200,False,126000,840,5,e47dab3640d4493b9cb02c9d013e0248,2019-07-15_03-33-37,1563154417,325.7887361049652,1648.2050726413727,58430,KayidmacOS,192.168.0.3,"{'monitor': False, 'log_level': 'INFO', 'callbacks': {'on_episode_start': None, 'on_episode_step': None, 'on_episode_end': None, 'on_sample_end': None, 'on_train_result': None, 'on_postprocess_traj': None}, 'ignore_worker_failures': False, 'use_eager': False, 'model': {'conv_filters': None, 'conv_activation': 'relu', 'fcnet_activation': 'tanh', 'fcnet_hiddens': [256, 256], 'free_log_std': True, 'squash_to_range': False, 'use_lstm': False, 'max_seq_len': 20, 'lstm_cell_size': 256, 'lstm_use_prev_action_reward': False, 'framestack': True, 'dim': 84, 'grayscale': False, 'zero_mean': True, 'custom_preprocessor': None, 'custom_model': None, 'custom_options': {}}, 'optimizer': {}, 'gamma': 0.995, 'horizon': None, 'soft_horizon': False, 'env_config': {}, 'env': 'RoboschoolReacher-v1', 'clip_rewards': None, 'clip_actions': True, 'preprocessor_pref': 'deepmind', 'lr': 0.0001, 'evaluation_interval': None, 'evaluation_num_episodes': 10, 'evaluation_config': {}, 'num_workers': 0, 'num_gpus': 0, 'num_cpus_per_worker': 1, 'num_gpus_per_worker': 0, 'custom_resources_per_worker': {}, 'num_cpus_for_driver': 1, 'num_envs_per_worker': 1, 'sample_batch_size': 200, 'train_batch_size': 25000, 'batch_mode': 'complete_episodes', 'sample_async': False, 'observation_filter': 'MeanStdFilter', 'synchronize_filters': True, 'tf_session_args': {'intra_op_parallelism_threads': 2, 'inter_op_parallelism_threads': 2, 'gpu_options': {'allow_growth': True}, 'log_device_placement': False, 'device_count': {'CPU': 1}, 'allow_soft_placement': True}, 'local_tf_session_args': {'intra_op_parallelism_threads': 8, 'inter_op_parallelism_threads': 8}, 'compress_observations': False, 'collect_metrics_timeout': 180, 'metrics_smoothing_episodes': 100, 'remote_worker_envs': False, 'remote_env_batch_wait_ms': 0, 'min_iter_time_s': 0, 'timesteps_per_iteration': 0, 'input': 'sampler', 'input_evaluation': ['is', 'wis'], 'postprocess_inputs': False, 'shuffle_buffer_size': 0, 'output': None, 'output_compress_columns': ['obs', 'new_obs'], 'output_max_file_size': 67108864, 'multiagent': {'policies': {}, 'policy_mapping_fn': None, 'policies_to_train': None}, 'use_gae': True, 'lambda': 1.0, 'kl_coeff': 1.0, 'sgd_minibatch_size': 1000, 'num_sgd_iter': 20, 'lr_schedule': None, 'vf_share_layers': False, 'vf_loss_coeff': 1.0, 'entropy_coeff': 0.0, 'clip_param': 0.3, 'vf_clip_param': 10.0, 'grad_clip': None, 'kl_target': 0.01, 'simple_optimizer': False, 'straggler_mitigation': False}",1648.2050726413727,126000,5,0
20.17825271805172,-50.30887074625965,-8.234541085717698,150.0,168,{},{},"{'mean_env_wait_ms': 1.5148446047136, 'mean_processing_ms': 2.39819094500549, 'mean_inference_ms': 7.76465866405041}",{},0,"{'num_steps_trained': 150000, 'num_steps_sampled': 151200, 'sample_time_ms': 296256.963, 'load_time_ms': 103.314, 'grad_time_ms': 31937.523, 'update_time_ms': 0.004, 'learner': {'default_policy': {'cur_kl_coeff': 0.125, 'cur_lr': 9.999999747378752e-05, 'total_loss': 37.778072357177734, 'policy_loss': -0.009839323349297047, 'vf_loss': 37.78696060180664, 'vf_explained_var': 0.37232592701911926, 'kl': 0.007618346251547337, 'entropy': 2.807204484939575}}}",25200,False,151200,1008,6,e47dab3640d4493b9cb02c9d013e0248,2019-07-15_03-39-01,1563154741,323.6515510082245,1971.8566236495972,58430,KayidmacOS,192.168.0.3,"{'monitor': False, 'log_level': 'INFO', 'callbacks': {'on_episode_start': None, 'on_episode_step': None, 'on_episode_end': None, 'on_sample_end': None, 'on_train_result': None, 'on_postprocess_traj': None}, 'ignore_worker_failures': False, 'use_eager': False, 'model': {'conv_filters': None, 'conv_activation': 'relu', 'fcnet_activation': 'tanh', 'fcnet_hiddens': [256, 256], 'free_log_std': True, 'squash_to_range': False, 'use_lstm': False, 'max_seq_len': 20, 'lstm_cell_size': 256, 'lstm_use_prev_action_reward': False, 'framestack': True, 'dim': 84, 'grayscale': False, 'zero_mean': True, 'custom_preprocessor': None, 'custom_model': None, 'custom_options': {}}, 'optimizer': {}, 'gamma': 0.995, 'horizon': None, 'soft_horizon': False, 'env_config': {}, 'env': 'RoboschoolReacher-v1', 'clip_rewards': None, 'clip_actions': True, 'preprocessor_pref': 'deepmind', 'lr': 0.0001, 'evaluation_interval': None, 'evaluation_num_episodes': 10, 'evaluation_config': {}, 'num_workers': 0, 'num_gpus': 0, 'num_cpus_per_worker': 1, 'num_gpus_per_worker': 0, 'custom_resources_per_worker': {}, 'num_cpus_for_driver': 1, 'num_envs_per_worker': 1, 'sample_batch_size': 200, 'train_batch_size': 25000, 'batch_mode': 'complete_episodes', 'sample_async': False, 'observation_filter': 'MeanStdFilter', 'synchronize_filters': True, 'tf_session_args': {'intra_op_parallelism_threads': 2, 'inter_op_parallelism_threads': 2, 'gpu_options': {'allow_growth': True}, 'log_device_placement': False, 'device_count': {'CPU': 1}, 'allow_soft_placement': True}, 'local_tf_session_args': {'intra_op_parallelism_threads': 8, 'inter_op_parallelism_threads': 8}, 'compress_observations': False, 'collect_metrics_timeout': 180, 'metrics_smoothing_episodes': 100, 'remote_worker_envs': False, 'remote_env_batch_wait_ms': 0, 'min_iter_time_s': 0, 'timesteps_per_iteration': 0, 'input': 'sampler', 'input_evaluation': ['is', 'wis'], 'postprocess_inputs': False, 'shuffle_buffer_size': 0, 'output': None, 'output_compress_columns': ['obs', 'new_obs'], 'output_max_file_size': 67108864, 'multiagent': {'policies': {}, 'policy_mapping_fn': None, 'policies_to_train': None}, 'use_gae': True, 'lambda': 1.0, 'kl_coeff': 1.0, 'sgd_minibatch_size': 1000, 'num_sgd_iter': 20, 'lr_schedule': None, 'vf_share_layers': False, 'vf_loss_coeff': 1.0, 'entropy_coeff': 0.0, 'clip_param': 0.3, 'vf_clip_param': 10.0, 'grad_clip': None, 'kl_target': 0.01, 'simple_optimizer': False, 'straggler_mitigation': False}",1971.8566236495972,151200,6,0
22.3046493080527,-37.68704205114149,-4.558741180591534,150.0,168,{},{},"{'mean_env_wait_ms': 1.5075484166659545, 'mean_processing_ms': 2.4042801612603455, 'mean_inference_ms': 8.03474237433356}",{},0,"{'num_steps_trained': 175000, 'num_steps_sampled': 176400, 'sample_time_ms': 303078.386, 'load_time_ms': 90.163, 'grad_time_ms': 288263.197, 'update_time_ms': 0.004, 'learner': {'default_policy': {'cur_kl_coeff': 0.125, 'cur_lr': 9.999999747378752e-05, 'total_loss': 30.359878540039062, 'policy_loss': -0.010456210002303123, 'vf_loss': 30.369422912597656, 'vf_explained_var': 0.3740149438381195, 'kl': 0.0072841159999370575, 'entropy': 2.790478229522705}}}",25200,False,176400,1176,7,e47dab3640d4493b9cb02c9d013e0248,2019-07-15_04-15-11,1563156911,2170.552093029022,4142.408716678619,58430,KayidmacOS,192.168.0.3,"{'monitor': False, 'log_level': 'INFO', 'callbacks': {'on_episode_start': None, 'on_episode_step': None, 'on_episode_end': None, 'on_sample_end': None, 'on_train_result': None, 'on_postprocess_traj': None}, 'ignore_worker_failures': False, 'use_eager': False, 'model': {'conv_filters': None, 'conv_activation': 'relu', 'fcnet_activation': 'tanh', 'fcnet_hiddens': [256, 256], 'free_log_std': True, 'squash_to_range': False, 'use_lstm': False, 'max_seq_len': 20, 'lstm_cell_size': 256, 'lstm_use_prev_action_reward': False, 'framestack': True, 'dim': 84, 'grayscale': False, 'zero_mean': True, 'custom_preprocessor': None, 'custom_model': None, 'custom_options': {}}, 'optimizer': {}, 'gamma': 0.995, 'horizon': None, 'soft_horizon': False, 'env_config': {}, 'env': 'RoboschoolReacher-v1', 'clip_rewards': None, 'clip_actions': True, 'preprocessor_pref': 'deepmind', 'lr': 0.0001, 'evaluation_interval': None, 'evaluation_num_episodes': 10, 'evaluation_config': {}, 'num_workers': 0, 'num_gpus': 0, 'num_cpus_per_worker': 1, 'num_gpus_per_worker': 0, 'custom_resources_per_worker': {}, 'num_cpus_for_driver': 1, 'num_envs_per_worker': 1, 'sample_batch_size': 200, 'train_batch_size': 25000, 'batch_mode': 'complete_episodes', 'sample_async': False, 'observation_filter': 'MeanStdFilter', 'synchronize_filters': True, 'tf_session_args': {'intra_op_parallelism_threads': 2, 'inter_op_parallelism_threads': 2, 'gpu_options': {'allow_growth': True}, 'log_device_placement': False, 'device_count': {'CPU': 1}, 'allow_soft_placement': True}, 'local_tf_session_args': {'intra_op_parallelism_threads': 8, 'inter_op_parallelism_threads': 8}, 'compress_observations': False, 'collect_metrics_timeout': 180, 'metrics_smoothing_episodes': 100, 'remote_worker_envs': False, 'remote_env_batch_wait_ms': 0, 'min_iter_time_s': 0, 'timesteps_per_iteration': 0, 'input': 'sampler', 'input_evaluation': ['is', 'wis'], 'postprocess_inputs': False, 'shuffle_buffer_size': 0, 'output': None, 'output_compress_columns': ['obs', 'new_obs'], 'output_max_file_size': 67108864, 'multiagent': {'policies': {}, 'policy_mapping_fn': None, 'policies_to_train': None}, 'use_gae': True, 'lambda': 1.0, 'kl_coeff': 1.0, 'sgd_minibatch_size': 1000, 'num_sgd_iter': 20, 'lr_schedule': None, 'vf_share_layers': False, 'vf_loss_coeff': 1.0, 'entropy_coeff': 0.0, 'clip_param': 0.3, 'vf_clip_param': 10.0, 'grad_clip': None, 'kl_target': 0.01, 'simple_optimizer': False, 'straggler_mitigation': False}",4142.408716678619,176400,7,0
24.186345397932143,-28.10717319839106,-3.512812343606813,150.0,168,{},{},"{'mean_env_wait_ms': 1.5421861937621737, 'mean_processing_ms': 2.5117822698912664, 'mean_inference_ms': 8.285223902279713}",{},0,"{'num_steps_trained': 200000, 'num_steps_sampled': 201600, 'sample_time_ms': 312982.752, 'load_time_ms': 79.139, 'grad_time_ms': 258645.274, 'update_time_ms': 0.004, 'learner': {'default_policy': {'cur_kl_coeff': 0.125, 'cur_lr': 9.999999747378752e-05, 'total_loss': 25.459247589111328, 'policy_loss': -0.009340868331491947, 'vf_loss': 25.46746063232422, 'vf_explained_var': 0.39725086092948914, 'kl': 0.009021400474011898, 'entropy': 2.778585433959961}}}",25200,False,201600,1344,8,e47dab3640d4493b9cb02c9d013e0248,2019-07-15_04-22-25,1563157345,433.80796694755554,4576.216683626175,58430,KayidmacOS,192.168.0.3,"{'monitor': False, 'log_level': 'INFO', 'callbacks': {'on_episode_start': None, 'on_episode_step': None, 'on_episode_end': None, 'on_sample_end': None, 'on_train_result': None, 'on_postprocess_traj': None}, 'ignore_worker_failures': False, 'use_eager': False, 'model': {'conv_filters': None, 'conv_activation': 'relu', 'fcnet_activation': 'tanh', 'fcnet_hiddens': [256, 256], 'free_log_std': True, 'squash_to_range': False, 'use_lstm': False, 'max_seq_len': 20, 'lstm_cell_size': 256, 'lstm_use_prev_action_reward': False, 'framestack': True, 'dim': 84, 'grayscale': False, 'zero_mean': True, 'custom_preprocessor': None, 'custom_model': None, 'custom_options': {}}, 'optimizer': {}, 'gamma': 0.995, 'horizon': None, 'soft_horizon': False, 'env_config': {}, 'env': 'RoboschoolReacher-v1', 'clip_rewards': None, 'clip_actions': True, 'preprocessor_pref': 'deepmind', 'lr': 0.0001, 'evaluation_interval': None, 'evaluation_num_episodes': 10, 'evaluation_config': {}, 'num_workers': 0, 'num_gpus': 0, 'num_cpus_per_worker': 1, 'num_gpus_per_worker': 0, 'custom_resources_per_worker': {}, 'num_cpus_for_driver': 1, 'num_envs_per_worker': 1, 'sample_batch_size': 200, 'train_batch_size': 25000, 'batch_mode': 'complete_episodes', 'sample_async': False, 'observation_filter': 'MeanStdFilter', 'synchronize_filters': True, 'tf_session_args': {'intra_op_parallelism_threads': 2, 'inter_op_parallelism_threads': 2, 'gpu_options': {'allow_growth': True}, 'log_device_placement': False, 'device_count': {'CPU': 1}, 'allow_soft_placement': True}, 'local_tf_session_args': {'intra_op_parallelism_threads': 8, 'inter_op_parallelism_threads': 8}, 'compress_observations': False, 'collect_metrics_timeout': 180, 'metrics_smoothing_episodes': 100, 'remote_worker_envs': False, 'remote_env_batch_wait_ms': 0, 'min_iter_time_s': 0, 'timesteps_per_iteration': 0, 'input': 'sampler', 'input_evaluation': ['is', 'wis'], 'postprocess_inputs': False, 'shuffle_buffer_size': 0, 'output': None, 'output_compress_columns': ['obs', 'new_obs'], 'output_max_file_size': 67108864, 'multiagent': {'policies': {}, 'policy_mapping_fn': None, 'policies_to_train': None}, 'use_gae': True, 'lambda': 1.0, 'kl_coeff': 1.0, 'sgd_minibatch_size': 1000, 'num_sgd_iter': 20, 'lr_schedule': None, 'vf_share_layers': False, 'vf_loss_coeff': 1.0, 'entropy_coeff': 0.0, 'clip_param': 0.3, 'vf_clip_param': 10.0, 'grad_clip': None, 'kl_target': 0.01, 'simple_optimizer': False, 'straggler_mitigation': False}",4576.216683626175,201600,8,0
27.193431316696156,-28.41262422929525,-3.1207260136316135,150.0,168,{},{},"{'mean_env_wait_ms': 1.7121699033369315, 'mean_processing_ms': 2.78193305906064, 'mean_inference_ms': 8.99321237225736}",{},0,"{'num_steps_trained': 225000, 'num_steps_sampled': 226800, 'sample_time_ms': 341963.738, 'load_time_ms': 71.293, 'grad_time_ms': 485118.783, 'update_time_ms': 0.004, 'learner': {'default_policy': {'cur_kl_coeff': 0.125, 'cur_lr': 9.999999747378752e-05, 'total_loss': 24.069929122924805, 'policy_loss': -0.01004025898873806, 'vf_loss': 24.078933715820312, 'vf_explained_var': 0.48041123151779175, 'kl': 0.00827772542834282, 'entropy': 2.7746193408966064}}}",25200,False,226800,1512,9,e47dab3640d4493b9cb02c9d013e0248,2019-07-15_05-10-16,1563160216,2871.087100982666,7447.303784608841,58430,KayidmacOS,192.168.0.3,"{'monitor': False, 'log_level': 'INFO', 'callbacks': {'on_episode_start': None, 'on_episode_step': None, 'on_episode_end': None, 'on_sample_end': None, 'on_train_result': None, 'on_postprocess_traj': None}, 'ignore_worker_failures': False, 'use_eager': False, 'model': {'conv_filters': None, 'conv_activation': 'relu', 'fcnet_activation': 'tanh', 'fcnet_hiddens': [256, 256], 'free_log_std': True, 'squash_to_range': False, 'use_lstm': False, 'max_seq_len': 20, 'lstm_cell_size': 256, 'lstm_use_prev_action_reward': False, 'framestack': True, 'dim': 84, 'grayscale': False, 'zero_mean': True, 'custom_preprocessor': None, 'custom_model': None, 'custom_options': {}}, 'optimizer': {}, 'gamma': 0.995, 'horizon': None, 'soft_horizon': False, 'env_config': {}, 'env': 'RoboschoolReacher-v1', 'clip_rewards': None, 'clip_actions': True, 'preprocessor_pref': 'deepmind', 'lr': 0.0001, 'evaluation_interval': None, 'evaluation_num_episodes': 10, 'evaluation_config': {}, 'num_workers': 0, 'num_gpus': 0, 'num_cpus_per_worker': 1, 'num_gpus_per_worker': 0, 'custom_resources_per_worker': {}, 'num_cpus_for_driver': 1, 'num_envs_per_worker': 1, 'sample_batch_size': 200, 'train_batch_size': 25000, 'batch_mode': 'complete_episodes', 'sample_async': False, 'observation_filter': 'MeanStdFilter', 'synchronize_filters': True, 'tf_session_args': {'intra_op_parallelism_threads': 2, 'inter_op_parallelism_threads': 2, 'gpu_options': {'allow_growth': True}, 'log_device_placement': False, 'device_count': {'CPU': 1}, 'allow_soft_placement': True}, 'local_tf_session_args': {'intra_op_parallelism_threads': 8, 'inter_op_parallelism_threads': 8}, 'compress_observations': False, 'collect_metrics_timeout': 180, 'metrics_smoothing_episodes': 100, 'remote_worker_envs': False, 'remote_env_batch_wait_ms': 0, 'min_iter_time_s': 0, 'timesteps_per_iteration': 0, 'input': 'sampler', 'input_evaluation': ['is', 'wis'], 'postprocess_inputs': False, 'shuffle_buffer_size': 0, 'output': None, 'output_compress_columns': ['obs', 'new_obs'], 'output_max_file_size': 67108864, 'multiagent': {'policies': {}, 'policy_mapping_fn': None, 'policies_to_train': None}, 'use_gae': True, 'lambda': 1.0, 'kl_coeff': 1.0, 'sgd_minibatch_size': 1000, 'num_sgd_iter': 20, 'lr_schedule': None, 'vf_share_layers': False, 'vf_loss_coeff': 1.0, 'entropy_coeff': 0.0, 'clip_param': 0.3, 'vf_clip_param': 10.0, 'grad_clip': None, 'kl_target': 0.01, 'simple_optimizer': False, 'straggler_mitigation': False}",7447.303784608841,226800,9,0
24.57164387933166,-26.520111345234568,0.713663815500332,150.0,168,{},{},"{'mean_env_wait_ms': 1.7488366118003484, 'mean_processing_ms': 12.93174389367526, 'mean_inference_ms': 9.083570732713637}",{},0,"{'num_steps_trained': 250000, 'num_steps_sampled': 252000, 'sample_time_ms': 601049.663, 'load_time_ms': 76.433, 'grad_time_ms': 439703.096, 'update_time_ms': 0.004, 'learner': {'default_policy': {'cur_kl_coeff': 0.125, 'cur_lr': 9.999999747378752e-05, 'total_loss': 23.422536849975586, 'policy_loss': -0.010716450400650501, 'vf_loss': 23.432043075561523, 'vf_explained_var': 0.4476255178451538, 'kl': 0.009696785360574722, 'entropy': 2.7655248641967773}}}",25200,False,252000,1680,10,e47dab3640d4493b9cb02c9d013e0248,2019-07-15_05-59-41,1563163181,2964.1017689704895,10411.40555357933,58430,KayidmacOS,192.168.0.3,"{'monitor': False, 'log_level': 'INFO', 'callbacks': {'on_episode_start': None, 'on_episode_step': None, 'on_episode_end': None, 'on_sample_end': None, 'on_train_result': None, 'on_postprocess_traj': None}, 'ignore_worker_failures': False, 'use_eager': False, 'model': {'conv_filters': None, 'conv_activation': 'relu', 'fcnet_activation': 'tanh', 'fcnet_hiddens': [256, 256], 'free_log_std': True, 'squash_to_range': False, 'use_lstm': False, 'max_seq_len': 20, 'lstm_cell_size': 256, 'lstm_use_prev_action_reward': False, 'framestack': True, 'dim': 84, 'grayscale': False, 'zero_mean': True, 'custom_preprocessor': None, 'custom_model': None, 'custom_options': {}}, 'optimizer': {}, 'gamma': 0.995, 'horizon': None, 'soft_horizon': False, 'env_config': {}, 'env': 'RoboschoolReacher-v1', 'clip_rewards': None, 'clip_actions': True, 'preprocessor_pref': 'deepmind', 'lr': 0.0001, 'evaluation_interval': None, 'evaluation_num_episodes': 10, 'evaluation_config': {}, 'num_workers': 0, 'num_gpus': 0, 'num_cpus_per_worker': 1, 'num_gpus_per_worker': 0, 'custom_resources_per_worker': {}, 'num_cpus_for_driver': 1, 'num_envs_per_worker': 1, 'sample_batch_size': 200, 'train_batch_size': 25000, 'batch_mode': 'complete_episodes', 'sample_async': False, 'observation_filter': 'MeanStdFilter', 'synchronize_filters': True, 'tf_session_args': {'intra_op_parallelism_threads': 2, 'inter_op_parallelism_threads': 2, 'gpu_options': {'allow_growth': True}, 'log_device_placement': False, 'device_count': {'CPU': 1}, 'allow_soft_placement': True}, 'local_tf_session_args': {'intra_op_parallelism_threads': 8, 'inter_op_parallelism_threads': 8}, 'compress_observations': False, 'collect_metrics_timeout': 180, 'metrics_smoothing_episodes': 100, 'remote_worker_envs': False, 'remote_env_batch_wait_ms': 0, 'min_iter_time_s': 0, 'timesteps_per_iteration': 0, 'input': 'sampler', 'input_evaluation': ['is', 'wis'], 'postprocess_inputs': False, 'shuffle_buffer_size': 0, 'output': None, 'output_compress_columns': ['obs', 'new_obs'], 'output_max_file_size': 67108864, 'multiagent': {'policies': {}, 'policy_mapping_fn': None, 'policies_to_train': None}, 'use_gae': True, 'lambda': 1.0, 'kl_coeff': 1.0, 'sgd_minibatch_size': 1000, 'num_sgd_iter': 20, 'lr_schedule': None, 'vf_share_layers': False, 'vf_loss_coeff': 1.0, 'entropy_coeff': 0.0, 'clip_param': 0.3, 'vf_clip_param': 10.0, 'grad_clip': None, 'kl_target': 0.01, 'simple_optimizer': False, 'straggler_mitigation': False}",10411.40555357933,252000,10,0
26.430566400929802,-28.73514313786842,2.4412171141380203,150.0,168,{},{},"{'mean_env_wait_ms': 1.7016382847098357, 'mean_processing_ms': 11.897359868712854, 'mean_inference_ms': 8.736374397117785}",{},0,"{'num_steps_trained': 275000, 'num_steps_sampled': 277200, 'sample_time_ms': 605506.048, 'load_time_ms': 20.044, 'grad_time_ms': 440387.907, 'update_time_ms': 0.004, 'learner': {'default_policy': {'cur_kl_coeff': 0.125, 'cur_lr': 9.999999747378752e-05, 'total_loss': 19.844125747680664, 'policy_loss': -0.010583750903606415, 'vf_loss': 19.85370445251465, 'vf_explained_var': 0.5598262548446655, 'kl': 0.008061102591454983, 'entropy': 2.7580323219299316}}}",25200,False,277200,1848,11,e47dab3640d4493b9cb02c9d013e0248,2019-07-15_06-03-37,1563163417,236.45958995819092,10647.865143537521,58430,KayidmacOS,192.168.0.3,"{'monitor': False, 'log_level': 'INFO', 'callbacks': {'on_episode_start': None, 'on_episode_step': None, 'on_episode_end': None, 'on_sample_end': None, 'on_train_result': None, 'on_postprocess_traj': None}, 'ignore_worker_failures': False, 'use_eager': False, 'model': {'conv_filters': None, 'conv_activation': 'relu', 'fcnet_activation': 'tanh', 'fcnet_hiddens': [256, 256], 'free_log_std': True, 'squash_to_range': False, 'use_lstm': False, 'max_seq_len': 20, 'lstm_cell_size': 256, 'lstm_use_prev_action_reward': False, 'framestack': True, 'dim': 84, 'grayscale': False, 'zero_mean': True, 'custom_preprocessor': None, 'custom_model': None, 'custom_options': {}}, 'optimizer': {}, 'gamma': 0.995, 'horizon': None, 'soft_horizon': False, 'env_config': {}, 'env': 'RoboschoolReacher-v1', 'clip_rewards': None, 'clip_actions': True, 'preprocessor_pref': 'deepmind', 'lr': 0.0001, 'evaluation_interval': None, 'evaluation_num_episodes': 10, 'evaluation_config': {}, 'num_workers': 0, 'num_gpus': 0, 'num_cpus_per_worker': 1, 'num_gpus_per_worker': 0, 'custom_resources_per_worker': {}, 'num_cpus_for_driver': 1, 'num_envs_per_worker': 1, 'sample_batch_size': 200, 'train_batch_size': 25000, 'batch_mode': 'complete_episodes', 'sample_async': False, 'observation_filter': 'MeanStdFilter', 'synchronize_filters': True, 'tf_session_args': {'intra_op_parallelism_threads': 2, 'inter_op_parallelism_threads': 2, 'gpu_options': {'allow_growth': True}, 'log_device_placement': False, 'device_count': {'CPU': 1}, 'allow_soft_placement': True}, 'local_tf_session_args': {'intra_op_parallelism_threads': 8, 'inter_op_parallelism_threads': 8}, 'compress_observations': False, 'collect_metrics_timeout': 180, 'metrics_smoothing_episodes': 100, 'remote_worker_envs': False, 'remote_env_batch_wait_ms': 0, 'min_iter_time_s': 0, 'timesteps_per_iteration': 0, 'input': 'sampler', 'input_evaluation': ['is', 'wis'], 'postprocess_inputs': False, 'shuffle_buffer_size': 0, 'output': None, 'output_compress_columns': ['obs', 'new_obs'], 'output_max_file_size': 67108864, 'multiagent': {'policies': {}, 'policy_mapping_fn': None, 'policies_to_train': None}, 'use_gae': True, 'lambda': 1.0, 'kl_coeff': 1.0, 'sgd_minibatch_size': 1000, 'num_sgd_iter': 20, 'lr_schedule': None, 'vf_share_layers': False, 'vf_loss_coeff': 1.0, 'entropy_coeff': 0.0, 'clip_param': 0.3, 'vf_clip_param': 10.0, 'grad_clip': None, 'kl_target': 0.01, 'simple_optimizer': False, 'straggler_mitigation': False}",10647.865143537521,277200,11,0
29.620474502289515,-26.602722826239855,3.777753493033553,150.0,168,{},{},"{'mean_env_wait_ms': 1.6929008669474155, 'mean_processing_ms': 11.1063297216514, 'mean_inference_ms': 17.574948210662967}",{},0,"{'num_steps_trained': 300000, 'num_steps_sampled': 302400, 'sample_time_ms': 871189.565, 'load_time_ms': 19.745, 'grad_time_ms': 753005.213, 'update_time_ms': 0.004, 'learner': {'default_policy': {'cur_kl_coeff': 0.125, 'cur_lr': 9.999999747378752e-05, 'total_loss': 20.167308807373047, 'policy_loss': -0.010426285676658154, 'vf_loss': 20.176790237426758, 'vf_explained_var': 0.6172166466712952, 'kl': 0.007580998353660107, 'entropy': 2.7475576400756836}}}",25200,False,302400,2016,12,e47dab3640d4493b9cb02c9d013e0248,2019-07-15_07-46-16,1563169576,6158.500277042389,16806.36542057991,58430,KayidmacOS,192.168.0.3,"{'monitor': False, 'log_level': 'INFO', 'callbacks': {'on_episode_start': None, 'on_episode_step': None, 'on_episode_end': None, 'on_sample_end': None, 'on_train_result': None, 'on_postprocess_traj': None}, 'ignore_worker_failures': False, 'use_eager': False, 'model': {'conv_filters': None, 'conv_activation': 'relu', 'fcnet_activation': 'tanh', 'fcnet_hiddens': [256, 256], 'free_log_std': True, 'squash_to_range': False, 'use_lstm': False, 'max_seq_len': 20, 'lstm_cell_size': 256, 'lstm_use_prev_action_reward': False, 'framestack': True, 'dim': 84, 'grayscale': False, 'zero_mean': True, 'custom_preprocessor': None, 'custom_model': None, 'custom_options': {}}, 'optimizer': {}, 'gamma': 0.995, 'horizon': None, 'soft_horizon': False, 'env_config': {}, 'env': 'RoboschoolReacher-v1', 'clip_rewards': None, 'clip_actions': True, 'preprocessor_pref': 'deepmind', 'lr': 0.0001, 'evaluation_interval': None, 'evaluation_num_episodes': 10, 'evaluation_config': {}, 'num_workers': 0, 'num_gpus': 0, 'num_cpus_per_worker': 1, 'num_gpus_per_worker': 0, 'custom_resources_per_worker': {}, 'num_cpus_for_driver': 1, 'num_envs_per_worker': 1, 'sample_batch_size': 200, 'train_batch_size': 25000, 'batch_mode': 'complete_episodes', 'sample_async': False, 'observation_filter': 'MeanStdFilter', 'synchronize_filters': True, 'tf_session_args': {'intra_op_parallelism_threads': 2, 'inter_op_parallelism_threads': 2, 'gpu_options': {'allow_growth': True}, 'log_device_placement': False, 'device_count': {'CPU': 1}, 'allow_soft_placement': True}, 'local_tf_session_args': {'intra_op_parallelism_threads': 8, 'inter_op_parallelism_threads': 8}, 'compress_observations': False, 'collect_metrics_timeout': 180, 'metrics_smoothing_episodes': 100, 'remote_worker_envs': False, 'remote_env_batch_wait_ms': 0, 'min_iter_time_s': 0, 'timesteps_per_iteration': 0, 'input': 'sampler', 'input_evaluation': ['is', 'wis'], 'postprocess_inputs': False, 'shuffle_buffer_size': 0, 'output': None, 'output_compress_columns': ['obs', 'new_obs'], 'output_max_file_size': 67108864, 'multiagent': {'policies': {}, 'policy_mapping_fn': None, 'policies_to_train': None}, 'use_gae': True, 'lambda': 1.0, 'kl_coeff': 1.0, 'sgd_minibatch_size': 1000, 'num_sgd_iter': 20, 'lr_schedule': None, 'vf_share_layers': False, 'vf_loss_coeff': 1.0, 'entropy_coeff': 0.0, 'clip_param': 0.3, 'vf_clip_param': 10.0, 'grad_clip': None, 'kl_target': 0.01, 'simple_optimizer': False, 'straggler_mitigation': False}",16806.36542057991,302400,12,0
31.156724160256495,-18.566433064762364,3.8485279462229096,150.0,168,{},{},"{'mean_env_wait_ms': 1.7232565959425397, 'mean_processing_ms': 10.518265273543278, 'mean_inference_ms': 17.046577502135246}",{},0,"{'num_steps_trained': 325000, 'num_steps_sampled': 327600, 'sample_time_ms': 873742.385, 'load_time_ms': 18.98, 'grad_time_ms': 756004.994, 'update_time_ms': 0.005, 'learner': {'default_policy': {'cur_kl_coeff': 0.125, 'cur_lr': 9.999999747378752e-05, 'total_loss': 15.097391128540039, 'policy_loss': -0.011482617817819118, 'vf_loss': 15.107998847961426, 'vf_explained_var': 0.6950762271881104, 'kl': 0.007001596037298441, 'entropy': 2.738685369491577}}}",25200,False,327600,2184,13,e47dab3640d4493b9cb02c9d013e0248,2019-07-15_07-54-14,1563170054,478.65612864494324,17285.021549224854,58430,KayidmacOS,192.168.0.3,"{'monitor': False, 'log_level': 'INFO', 'callbacks': {'on_episode_start': None, 'on_episode_step': None, 'on_episode_end': None, 'on_sample_end': None, 'on_train_result': None, 'on_postprocess_traj': None}, 'ignore_worker_failures': False, 'use_eager': False, 'model': {'conv_filters': None, 'conv_activation': 'relu', 'fcnet_activation': 'tanh', 'fcnet_hiddens': [256, 256], 'free_log_std': True, 'squash_to_range': False, 'use_lstm': False, 'max_seq_len': 20, 'lstm_cell_size': 256, 'lstm_use_prev_action_reward': False, 'framestack': True, 'dim': 84, 'grayscale': False, 'zero_mean': True, 'custom_preprocessor': None, 'custom_model': None, 'custom_options': {}}, 'optimizer': {}, 'gamma': 0.995, 'horizon': None, 'soft_horizon': False, 'env_config': {}, 'env': 'RoboschoolReacher-v1', 'clip_rewards': None, 'clip_actions': True, 'preprocessor_pref': 'deepmind', 'lr': 0.0001, 'evaluation_interval': None, 'evaluation_num_episodes': 10, 'evaluation_config': {}, 'num_workers': 0, 'num_gpus': 0, 'num_cpus_per_worker': 1, 'num_gpus_per_worker': 0, 'custom_resources_per_worker': {}, 'num_cpus_for_driver': 1, 'num_envs_per_worker': 1, 'sample_batch_size': 200, 'train_batch_size': 25000, 'batch_mode': 'complete_episodes', 'sample_async': False, 'observation_filter': 'MeanStdFilter', 'synchronize_filters': True, 'tf_session_args': {'intra_op_parallelism_threads': 2, 'inter_op_parallelism_threads': 2, 'gpu_options': {'allow_growth': True}, 'log_device_placement': False, 'device_count': {'CPU': 1}, 'allow_soft_placement': True}, 'local_tf_session_args': {'intra_op_parallelism_threads': 8, 'inter_op_parallelism_threads': 8}, 'compress_observations': False, 'collect_metrics_timeout': 180, 'metrics_smoothing_episodes': 100, 'remote_worker_envs': False, 'remote_env_batch_wait_ms': 0, 'min_iter_time_s': 0, 'timesteps_per_iteration': 0, 'input': 'sampler', 'input_evaluation': ['is', 'wis'], 'postprocess_inputs': False, 'shuffle_buffer_size': 0, 'output': None, 'output_compress_columns': ['obs', 'new_obs'], 'output_max_file_size': 67108864, 'multiagent': {'policies': {}, 'policy_mapping_fn': None, 'policies_to_train': None}, 'use_gae': True, 'lambda': 1.0, 'kl_coeff': 1.0, 'sgd_minibatch_size': 1000, 'num_sgd_iter': 20, 'lr_schedule': None, 'vf_share_layers': False, 'vf_loss_coeff': 1.0, 'entropy_coeff': 0.0, 'clip_param': 0.3, 'vf_clip_param': 10.0, 'grad_clip': None, 'kl_target': 0.01, 'simple_optimizer': False, 'straggler_mitigation': False}",17285.021549224854,327600,13,0
31.420137982782812,-25.01266112170559,5.256016307813236,150.0,168,{},{},"{'mean_env_wait_ms': 1.7337676153239454, 'mean_processing_ms': 9.980070474433308, 'mean_inference_ms': 16.478591022564277}",{},0,"{'num_steps_trained': 350000, 'num_steps_sampled': 352800, 'sample_time_ms': 878303.631, 'load_time_ms': 19.908, 'grad_time_ms': 758672.123, 'update_time_ms': 0.005, 'learner': {'default_policy': {'cur_kl_coeff': 0.125, 'cur_lr': 9.999999747378752e-05, 'total_loss': 9.270126342773438, 'policy_loss': -0.010917352512478828, 'vf_loss': 9.279914855957031, 'vf_explained_var': 0.8031359910964966, 'kl': 0.009031453169882298, 'entropy': 2.7283284664154053}}}",25200,False,352800,2352,14,e47dab3640d4493b9cb02c9d013e0248,2019-07-15_08-01-04,1563170464,409.63987708091736,17694.66142630577,58430,KayidmacOS,192.168.0.3,"{'monitor': False, 'log_level': 'INFO', 'callbacks': {'on_episode_start': None, 'on_episode_step': None, 'on_episode_end': None, 'on_sample_end': None, 'on_train_result': None, 'on_postprocess_traj': None}, 'ignore_worker_failures': False, 'use_eager': False, 'model': {'conv_filters': None, 'conv_activation': 'relu', 'fcnet_activation': 'tanh', 'fcnet_hiddens': [256, 256], 'free_log_std': True, 'squash_to_range': False, 'use_lstm': False, 'max_seq_len': 20, 'lstm_cell_size': 256, 'lstm_use_prev_action_reward': False, 'framestack': True, 'dim': 84, 'grayscale': False, 'zero_mean': True, 'custom_preprocessor': None, 'custom_model': None, 'custom_options': {}}, 'optimizer': {}, 'gamma': 0.995, 'horizon': None, 'soft_horizon': False, 'env_config': {}, 'env': 'RoboschoolReacher-v1', 'clip_rewards': None, 'clip_actions': True, 'preprocessor_pref': 'deepmind', 'lr': 0.0001, 'evaluation_interval': None, 'evaluation_num_episodes': 10, 'evaluation_config': {}, 'num_workers': 0, 'num_gpus': 0, 'num_cpus_per_worker': 1, 'num_gpus_per_worker': 0, 'custom_resources_per_worker': {}, 'num_cpus_for_driver': 1, 'num_envs_per_worker': 1, 'sample_batch_size': 200, 'train_batch_size': 25000, 'batch_mode': 'complete_episodes', 'sample_async': False, 'observation_filter': 'MeanStdFilter', 'synchronize_filters': True, 'tf_session_args': {'intra_op_parallelism_threads': 2, 'inter_op_parallelism_threads': 2, 'gpu_options': {'allow_growth': True}, 'log_device_placement': False, 'device_count': {'CPU': 1}, 'allow_soft_placement': True}, 'local_tf_session_args': {'intra_op_parallelism_threads': 8, 'inter_op_parallelism_threads': 8}, 'compress_observations': False, 'collect_metrics_timeout': 180, 'metrics_smoothing_episodes': 100, 'remote_worker_envs': False, 'remote_env_batch_wait_ms': 0, 'min_iter_time_s': 0, 'timesteps_per_iteration': 0, 'input': 'sampler', 'input_evaluation': ['is', 'wis'], 'postprocess_inputs': False, 'shuffle_buffer_size': 0, 'output': None, 'output_compress_columns': ['obs', 'new_obs'], 'output_max_file_size': 67108864, 'multiagent': {'policies': {}, 'policy_mapping_fn': None, 'policies_to_train': None}, 'use_gae': True, 'lambda': 1.0, 'kl_coeff': 1.0, 'sgd_minibatch_size': 1000, 'num_sgd_iter': 20, 'lr_schedule': None, 'vf_share_layers': False, 'vf_loss_coeff': 1.0, 'entropy_coeff': 0.0, 'clip_param': 0.3, 'vf_clip_param': 10.0, 'grad_clip': None, 'kl_target': 0.01, 'simple_optimizer': False, 'straggler_mitigation': False}",17694.66142630577,352800,14,0
29.130190807399046,-26.57509626582151,6.128394030607824,150.0,168,{},{},"{'mean_env_wait_ms': 1.8136758336895968, 'mean_processing_ms': 9.68752191721956, 'mean_inference_ms': 16.551735081364455}",{},0,"{'num_steps_trained': 375000, 'num_steps_sampled': 378000, 'sample_time_ms': 915020.125, 'load_time_ms': 18.535, 'grad_time_ms': 764037.679, 'update_time_ms': 0.005, 'learner': {'default_policy': {'cur_kl_coeff': 0.125, 'cur_lr': 9.999999747378752e-05, 'total_loss': 9.028397560119629, 'policy_loss': -0.010479280725121498, 'vf_loss': 9.037932395935059, 'vf_explained_var': 0.8169013261795044, 'kl': 0.007557924836874008, 'entropy': 2.7122962474823}}}",25200,False,378000,2520,15,e47dab3640d4493b9cb02c9d013e0248,2019-07-15_08-13-31,1563171211,746.5398049354553,18441.201231241226,58430,KayidmacOS,192.168.0.3,"{'monitor': False, 'log_level': 'INFO', 'callbacks': {'on_episode_start': None, 'on_episode_step': None, 'on_episode_end': None, 'on_sample_end': None, 'on_train_result': None, 'on_postprocess_traj': None}, 'ignore_worker_failures': False, 'use_eager': False, 'model': {'conv_filters': None, 'conv_activation': 'relu', 'fcnet_activation': 'tanh', 'fcnet_hiddens': [256, 256], 'free_log_std': True, 'squash_to_range': False, 'use_lstm': False, 'max_seq_len': 20, 'lstm_cell_size': 256, 'lstm_use_prev_action_reward': False, 'framestack': True, 'dim': 84, 'grayscale': False, 'zero_mean': True, 'custom_preprocessor': None, 'custom_model': None, 'custom_options': {}}, 'optimizer': {}, 'gamma': 0.995, 'horizon': None, 'soft_horizon': False, 'env_config': {}, 'env': 'RoboschoolReacher-v1', 'clip_rewards': None, 'clip_actions': True, 'preprocessor_pref': 'deepmind', 'lr': 0.0001, 'evaluation_interval': None, 'evaluation_num_episodes': 10, 'evaluation_config': {}, 'num_workers': 0, 'num_gpus': 0, 'num_cpus_per_worker': 1, 'num_gpus_per_worker': 0, 'custom_resources_per_worker': {}, 'num_cpus_for_driver': 1, 'num_envs_per_worker': 1, 'sample_batch_size': 200, 'train_batch_size': 25000, 'batch_mode': 'complete_episodes', 'sample_async': False, 'observation_filter': 'MeanStdFilter', 'synchronize_filters': True, 'tf_session_args': {'intra_op_parallelism_threads': 2, 'inter_op_parallelism_threads': 2, 'gpu_options': {'allow_growth': True}, 'log_device_placement': False, 'device_count': {'CPU': 1}, 'allow_soft_placement': True}, 'local_tf_session_args': {'intra_op_parallelism_threads': 8, 'inter_op_parallelism_threads': 8}, 'compress_observations': False, 'collect_metrics_timeout': 180, 'metrics_smoothing_episodes': 100, 'remote_worker_envs': False, 'remote_env_batch_wait_ms': 0, 'min_iter_time_s': 0, 'timesteps_per_iteration': 0, 'input': 'sampler', 'input_evaluation': ['is', 'wis'], 'postprocess_inputs': False, 'shuffle_buffer_size': 0, 'output': None, 'output_compress_columns': ['obs', 'new_obs'], 'output_max_file_size': 67108864, 'multiagent': {'policies': {}, 'policy_mapping_fn': None, 'policies_to_train': None}, 'use_gae': True, 'lambda': 1.0, 'kl_coeff': 1.0, 'sgd_minibatch_size': 1000, 'num_sgd_iter': 20, 'lr_schedule': None, 'vf_share_layers': False, 'vf_loss_coeff': 1.0, 'entropy_coeff': 0.0, 'clip_param': 0.3, 'vf_clip_param': 10.0, 'grad_clip': None, 'kl_target': 0.01, 'simple_optimizer': False, 'straggler_mitigation': False}",18441.201231241226,378000,15,0
29.570481921080095,-21.258743706458784,6.984522959275131,150.0,168,{},{},"{'mean_env_wait_ms': 1.9332519761115212, 'mean_processing_ms': 9.483216497460004, 'mean_inference_ms': 16.6727708630917}",{},0,"{'num_steps_trained': 400000, 'num_steps_sampled': 403200, 'sample_time_ms': 958305.403, 'load_time_ms': 22.178, 'grad_time_ms': 772666.202, 'update_time_ms': 0.005, 'learner': {'default_policy': {'cur_kl_coeff': 0.125, 'cur_lr': 9.999999747378752e-05, 'total_loss': 7.6898393630981445, 'policy_loss': -0.012257259339094162, 'vf_loss': 7.701044082641602, 'vf_explained_var': 0.8041945695877075, 'kl': 0.008422794751822948, 'entropy': 2.6905856132507324}}}",25200,False,403200,2688,16,e47dab3640d4493b9cb02c9d013e0248,2019-07-15_08-27-34,1563172054,842.8912560939789,19284.092487335205,58430,KayidmacOS,192.168.0.3,"{'monitor': False, 'log_level': 'INFO', 'callbacks': {'on_episode_start': None, 'on_episode_step': None, 'on_episode_end': None, 'on_sample_end': None, 'on_train_result': None, 'on_postprocess_traj': None}, 'ignore_worker_failures': False, 'use_eager': False, 'model': {'conv_filters': None, 'conv_activation': 'relu', 'fcnet_activation': 'tanh', 'fcnet_hiddens': [256, 256], 'free_log_std': True, 'squash_to_range': False, 'use_lstm': False, 'max_seq_len': 20, 'lstm_cell_size': 256, 'lstm_use_prev_action_reward': False, 'framestack': True, 'dim': 84, 'grayscale': False, 'zero_mean': True, 'custom_preprocessor': None, 'custom_model': None, 'custom_options': {}}, 'optimizer': {}, 'gamma': 0.995, 'horizon': None, 'soft_horizon': False, 'env_config': {}, 'env': 'RoboschoolReacher-v1', 'clip_rewards': None, 'clip_actions': True, 'preprocessor_pref': 'deepmind', 'lr': 0.0001, 'evaluation_interval': None, 'evaluation_num_episodes': 10, 'evaluation_config': {}, 'num_workers': 0, 'num_gpus': 0, 'num_cpus_per_worker': 1, 'num_gpus_per_worker': 0, 'custom_resources_per_worker': {}, 'num_cpus_for_driver': 1, 'num_envs_per_worker': 1, 'sample_batch_size': 200, 'train_batch_size': 25000, 'batch_mode': 'complete_episodes', 'sample_async': False, 'observation_filter': 'MeanStdFilter', 'synchronize_filters': True, 'tf_session_args': {'intra_op_parallelism_threads': 2, 'inter_op_parallelism_threads': 2, 'gpu_options': {'allow_growth': True}, 'log_device_placement': False, 'device_count': {'CPU': 1}, 'allow_soft_placement': True}, 'local_tf_session_args': {'intra_op_parallelism_threads': 8, 'inter_op_parallelism_threads': 8}, 'compress_observations': False, 'collect_metrics_timeout': 180, 'metrics_smoothing_episodes': 100, 'remote_worker_envs': False, 'remote_env_batch_wait_ms': 0, 'min_iter_time_s': 0, 'timesteps_per_iteration': 0, 'input': 'sampler', 'input_evaluation': ['is', 'wis'], 'postprocess_inputs': False, 'shuffle_buffer_size': 0, 'output': None, 'output_compress_columns': ['obs', 'new_obs'], 'output_max_file_size': 67108864, 'multiagent': {'policies': {}, 'policy_mapping_fn': None, 'policies_to_train': None}, 'use_gae': True, 'lambda': 1.0, 'kl_coeff': 1.0, 'sgd_minibatch_size': 1000, 'num_sgd_iter': 20, 'lr_schedule': None, 'vf_share_layers': False, 'vf_loss_coeff': 1.0, 'entropy_coeff': 0.0, 'clip_param': 0.3, 'vf_clip_param': 10.0, 'grad_clip': None, 'kl_target': 0.01, 'simple_optimizer': False, 'straggler_mitigation': False}",19284.092487335205,403200,16,0
31.963402319853184,-14.050748991640909,9.983105905249145,150.0,168,{},{},"{'mean_env_wait_ms': 2.0917726483941705, 'mean_processing_ms': 9.366919063995255, 'mean_inference_ms': 16.881123674035766}",{},0,"{'num_steps_trained': 425000, 'num_steps_sampled': 428400, 'sample_time_ms': 1005864.777, 'load_time_ms': 26.146, 'grad_time_ms': 604501.624, 'update_time_ms': 0.006, 'learner': {'default_policy': {'cur_kl_coeff': 0.125, 'cur_lr': 9.999999747378752e-05, 'total_loss': 5.061544418334961, 'policy_loss': -0.010180847719311714, 'vf_loss': 5.070681571960449, 'vf_explained_var': 0.869201123714447, 'kl': 0.008352255448698997, 'entropy': 2.6754367351531982}}}",25200,False,428400,2856,17,e47dab3640d4493b9cb02c9d013e0248,2019-07-15_08-43-39,1563173019,964.5604779720306,20248.652965307236,58430,KayidmacOS,192.168.0.3,"{'monitor': False, 'log_level': 'INFO', 'callbacks': {'on_episode_start': None, 'on_episode_step': None, 'on_episode_end': None, 'on_sample_end': None, 'on_train_result': None, 'on_postprocess_traj': None}, 'ignore_worker_failures': False, 'use_eager': False, 'model': {'conv_filters': None, 'conv_activation': 'relu', 'fcnet_activation': 'tanh', 'fcnet_hiddens': [256, 256], 'free_log_std': True, 'squash_to_range': False, 'use_lstm': False, 'max_seq_len': 20, 'lstm_cell_size': 256, 'lstm_use_prev_action_reward': False, 'framestack': True, 'dim': 84, 'grayscale': False, 'zero_mean': True, 'custom_preprocessor': None, 'custom_model': None, 'custom_options': {}}, 'optimizer': {}, 'gamma': 0.995, 'horizon': None, 'soft_horizon': False, 'env_config': {}, 'env': 'RoboschoolReacher-v1', 'clip_rewards': None, 'clip_actions': True, 'preprocessor_pref': 'deepmind', 'lr': 0.0001, 'evaluation_interval': None, 'evaluation_num_episodes': 10, 'evaluation_config': {}, 'num_workers': 0, 'num_gpus': 0, 'num_cpus_per_worker': 1, 'num_gpus_per_worker': 0, 'custom_resources_per_worker': {}, 'num_cpus_for_driver': 1, 'num_envs_per_worker': 1, 'sample_batch_size': 200, 'train_batch_size': 25000, 'batch_mode': 'complete_episodes', 'sample_async': False, 'observation_filter': 'MeanStdFilter', 'synchronize_filters': True, 'tf_session_args': {'intra_op_parallelism_threads': 2, 'inter_op_parallelism_threads': 2, 'gpu_options': {'allow_growth': True}, 'log_device_placement': False, 'device_count': {'CPU': 1}, 'allow_soft_placement': True}, 'local_tf_session_args': {'intra_op_parallelism_threads': 8, 'inter_op_parallelism_threads': 8}, 'compress_observations': False, 'collect_metrics_timeout': 180, 'metrics_smoothing_episodes': 100, 'remote_worker_envs': False, 'remote_env_batch_wait_ms': 0, 'min_iter_time_s': 0, 'timesteps_per_iteration': 0, 'input': 'sampler', 'input_evaluation': ['is', 'wis'], 'postprocess_inputs': False, 'shuffle_buffer_size': 0, 'output': None, 'output_compress_columns': ['obs', 'new_obs'], 'output_max_file_size': 67108864, 'multiagent': {'policies': {}, 'policy_mapping_fn': None, 'policies_to_train': None}, 'use_gae': True, 'lambda': 1.0, 'kl_coeff': 1.0, 'sgd_minibatch_size': 1000, 'num_sgd_iter': 20, 'lr_schedule': None, 'vf_share_layers': False, 'vf_loss_coeff': 1.0, 'entropy_coeff': 0.0, 'clip_param': 0.3, 'vf_clip_param': 10.0, 'grad_clip': None, 'kl_target': 0.01, 'simple_optimizer': False, 'straggler_mitigation': False}",20248.652965307236,428400,17,0
33.44947245976924,-13.913372092866766,9.050635808986405,150.0,168,{},{},"{'mean_env_wait_ms': 2.2850802738823517, 'mean_processing_ms': 9.314433142009767, 'mean_inference_ms': 17.212991526034774}",{},0,"{'num_steps_trained': 450000, 'num_steps_sampled': 453600, 'sample_time_ms': 1060906.302, 'load_time_ms': 27.073, 'grad_time_ms': 615445.635, 'update_time_ms': 0.006, 'learner': {'default_policy': {'cur_kl_coeff': 0.125, 'cur_lr': 9.999999747378752e-05, 'total_loss': 3.8181328773498535, 'policy_loss': -0.012225991114974022, 'vf_loss': 3.8292529582977295, 'vf_explained_var': 0.904590368270874, 'kl': 0.008847844786942005, 'entropy': 2.6571896076202393}}}",25200,False,453600,3024,18,e47dab3640d4493b9cb02c9d013e0248,2019-07-15_09-01-53,1563174113,1093.8857369422913,21342.538702249527,58430,KayidmacOS,192.168.0.3,"{'monitor': False, 'log_level': 'INFO', 'callbacks': {'on_episode_start': None, 'on_episode_step': None, 'on_episode_end': None, 'on_sample_end': None, 'on_train_result': None, 'on_postprocess_traj': None}, 'ignore_worker_failures': False, 'use_eager': False, 'model': {'conv_filters': None, 'conv_activation': 'relu', 'fcnet_activation': 'tanh', 'fcnet_hiddens': [256, 256], 'free_log_std': True, 'squash_to_range': False, 'use_lstm': False, 'max_seq_len': 20, 'lstm_cell_size': 256, 'lstm_use_prev_action_reward': False, 'framestack': True, 'dim': 84, 'grayscale': False, 'zero_mean': True, 'custom_preprocessor': None, 'custom_model': None, 'custom_options': {}}, 'optimizer': {}, 'gamma': 0.995, 'horizon': None, 'soft_horizon': False, 'env_config': {}, 'env': 'RoboschoolReacher-v1', 'clip_rewards': None, 'clip_actions': True, 'preprocessor_pref': 'deepmind', 'lr': 0.0001, 'evaluation_interval': None, 'evaluation_num_episodes': 10, 'evaluation_config': {}, 'num_workers': 0, 'num_gpus': 0, 'num_cpus_per_worker': 1, 'num_gpus_per_worker': 0, 'custom_resources_per_worker': {}, 'num_cpus_for_driver': 1, 'num_envs_per_worker': 1, 'sample_batch_size': 200, 'train_batch_size': 25000, 'batch_mode': 'complete_episodes', 'sample_async': False, 'observation_filter': 'MeanStdFilter', 'synchronize_filters': True, 'tf_session_args': {'intra_op_parallelism_threads': 2, 'inter_op_parallelism_threads': 2, 'gpu_options': {'allow_growth': True}, 'log_device_placement': False, 'device_count': {'CPU': 1}, 'allow_soft_placement': True}, 'local_tf_session_args': {'intra_op_parallelism_threads': 8, 'inter_op_parallelism_threads': 8}, 'compress_observations': False, 'collect_metrics_timeout': 180, 'metrics_smoothing_episodes': 100, 'remote_worker_envs': False, 'remote_env_batch_wait_ms': 0, 'min_iter_time_s': 0, 'timesteps_per_iteration': 0, 'input': 'sampler', 'input_evaluation': ['is', 'wis'], 'postprocess_inputs': False, 'shuffle_buffer_size': 0, 'output': None, 'output_compress_columns': ['obs', 'new_obs'], 'output_max_file_size': 67108864, 'multiagent': {'policies': {}, 'policy_mapping_fn': None, 'policies_to_train': None}, 'use_gae': True, 'lambda': 1.0, 'kl_coeff': 1.0, 'sgd_minibatch_size': 1000, 'num_sgd_iter': 20, 'lr_schedule': None, 'vf_share_layers': False, 'vf_loss_coeff': 1.0, 'entropy_coeff': 0.0, 'clip_param': 0.3, 'vf_clip_param': 10.0, 'grad_clip': None, 'kl_target': 0.01, 'simple_optimizer': False, 'straggler_mitigation': False}",21342.538702249527,453600,18,0
33.745474457198604,-14.195257451166306,8.681023167829922,150.0,168,{},{},"{'mean_env_wait_ms': 2.6009312274082315, 'mean_processing_ms': 9.436533502025508, 'mean_inference_ms': 17.99800275606273}",{},0,"{'num_steps_trained': 475000, 'num_steps_sampled': 478800, 'sample_time_ms': 1135239.307, 'load_time_ms': 29.797, 'grad_time_ms': 403518.447, 'update_time_ms': 0.006, 'learner': {'default_policy': {'cur_kl_coeff': 0.125, 'cur_lr': 9.999999747378752e-05, 'total_loss': 5.4034929275512695, 'policy_loss': -0.012301922775804996, 'vf_loss': 5.414773464202881, 'vf_explained_var': 0.8450891971588135, 'kl': 0.00817036908119917, 'entropy': 2.6509087085723877}}}",25200,False,478800,3192,19,e47dab3640d4493b9cb02c9d013e0248,2019-07-15_09-26-49,1563175609,1495.671422958374,22838.2101252079,58430,KayidmacOS,192.168.0.3,"{'monitor': False, 'log_level': 'INFO', 'callbacks': {'on_episode_start': None, 'on_episode_step': None, 'on_episode_end': None, 'on_sample_end': None, 'on_train_result': None, 'on_postprocess_traj': None}, 'ignore_worker_failures': False, 'use_eager': False, 'model': {'conv_filters': None, 'conv_activation': 'relu', 'fcnet_activation': 'tanh', 'fcnet_hiddens': [256, 256], 'free_log_std': True, 'squash_to_range': False, 'use_lstm': False, 'max_seq_len': 20, 'lstm_cell_size': 256, 'lstm_use_prev_action_reward': False, 'framestack': True, 'dim': 84, 'grayscale': False, 'zero_mean': True, 'custom_preprocessor': None, 'custom_model': None, 'custom_options': {}}, 'optimizer': {}, 'gamma': 0.995, 'horizon': None, 'soft_horizon': False, 'env_config': {}, 'env': 'RoboschoolReacher-v1', 'clip_rewards': None, 'clip_actions': True, 'preprocessor_pref': 'deepmind', 'lr': 0.0001, 'evaluation_interval': None, 'evaluation_num_episodes': 10, 'evaluation_config': {}, 'num_workers': 0, 'num_gpus': 0, 'num_cpus_per_worker': 1, 'num_gpus_per_worker': 0, 'custom_resources_per_worker': {}, 'num_cpus_for_driver': 1, 'num_envs_per_worker': 1, 'sample_batch_size': 200, 'train_batch_size': 25000, 'batch_mode': 'complete_episodes', 'sample_async': False, 'observation_filter': 'MeanStdFilter', 'synchronize_filters': True, 'tf_session_args': {'intra_op_parallelism_threads': 2, 'inter_op_parallelism_threads': 2, 'gpu_options': {'allow_growth': True}, 'log_device_placement': False, 'device_count': {'CPU': 1}, 'allow_soft_placement': True}, 'local_tf_session_args': {'intra_op_parallelism_threads': 8, 'inter_op_parallelism_threads': 8}, 'compress_observations': False, 'collect_metrics_timeout': 180, 'metrics_smoothing_episodes': 100, 'remote_worker_envs': False, 'remote_env_batch_wait_ms': 0, 'min_iter_time_s': 0, 'timesteps_per_iteration': 0, 'input': 'sampler', 'input_evaluation': ['is', 'wis'], 'postprocess_inputs': False, 'shuffle_buffer_size': 0, 'output': None, 'output_compress_columns': ['obs', 'new_obs'], 'output_max_file_size': 67108864, 'multiagent': {'policies': {}, 'policy_mapping_fn': None, 'policies_to_train': None}, 'use_gae': True, 'lambda': 1.0, 'kl_coeff': 1.0, 'sgd_minibatch_size': 1000, 'num_sgd_iter': 20, 'lr_schedule': None, 'vf_share_layers': False, 'vf_loss_coeff': 1.0, 'entropy_coeff': 0.0, 'clip_param': 0.3, 'vf_clip_param': 10.0, 'grad_clip': None, 'kl_target': 0.01, 'simple_optimizer': False, 'straggler_mitigation': False}",22838.2101252079,478800,19,0
31.26322229793944,-17.66105185408514,8.930338485639297,150.0,168,{},{},"{'mean_env_wait_ms': 2.834240633501502, 'mean_processing_ms': 9.487849201510892, 'mean_inference_ms': 18.498518752005744}",{},0,"{'num_steps_trained': 500000, 'num_steps_sampled': 504000, 'sample_time_ms': 957974.714, 'load_time_ms': 18.208, 'grad_time_ms': 417324.096, 'update_time_ms': 0.007, 'learner': {'default_policy': {'cur_kl_coeff': 0.125, 'cur_lr': 9.999999747378752e-05, 'total_loss': 2.992602825164795, 'policy_loss': -0.011899096891283989, 'vf_loss': 3.0033774375915527, 'vf_explained_var': 0.9131214022636414, 'kl': 0.008994937874376774, 'entropy': 2.636727809906006}}}",25200,False,504000,3360,20,e47dab3640d4493b9cb02c9d013e0248,2019-07-15_09-49-01,1563176941,1331.053573846817,24169.263699054718,58430,KayidmacOS,192.168.0.3,"{'monitor': False, 'log_level': 'INFO', 'callbacks': {'on_episode_start': None, 'on_episode_step': None, 'on_episode_end': None, 'on_sample_end': None, 'on_train_result': None, 'on_postprocess_traj': None}, 'ignore_worker_failures': False, 'use_eager': False, 'model': {'conv_filters': None, 'conv_activation': 'relu', 'fcnet_activation': 'tanh', 'fcnet_hiddens': [256, 256], 'free_log_std': True, 'squash_to_range': False, 'use_lstm': False, 'max_seq_len': 20, 'lstm_cell_size': 256, 'lstm_use_prev_action_reward': False, 'framestack': True, 'dim': 84, 'grayscale': False, 'zero_mean': True, 'custom_preprocessor': None, 'custom_model': None, 'custom_options': {}}, 'optimizer': {}, 'gamma': 0.995, 'horizon': None, 'soft_horizon': False, 'env_config': {}, 'env': 'RoboschoolReacher-v1', 'clip_rewards': None, 'clip_actions': True, 'preprocessor_pref': 'deepmind', 'lr': 0.0001, 'evaluation_interval': None, 'evaluation_num_episodes': 10, 'evaluation_config': {}, 'num_workers': 0, 'num_gpus': 0, 'num_cpus_per_worker': 1, 'num_gpus_per_worker': 0, 'custom_resources_per_worker': {}, 'num_cpus_for_driver': 1, 'num_envs_per_worker': 1, 'sample_batch_size': 200, 'train_batch_size': 25000, 'batch_mode': 'complete_episodes', 'sample_async': False, 'observation_filter': 'MeanStdFilter', 'synchronize_filters': True, 'tf_session_args': {'intra_op_parallelism_threads': 2, 'inter_op_parallelism_threads': 2, 'gpu_options': {'allow_growth': True}, 'log_device_placement': False, 'device_count': {'CPU': 1}, 'allow_soft_placement': True}, 'local_tf_session_args': {'intra_op_parallelism_threads': 8, 'inter_op_parallelism_threads': 8}, 'compress_observations': False, 'collect_metrics_timeout': 180, 'metrics_smoothing_episodes': 100, 'remote_worker_envs': False, 'remote_env_batch_wait_ms': 0, 'min_iter_time_s': 0, 'timesteps_per_iteration': 0, 'input': 'sampler', 'input_evaluation': ['is', 'wis'], 'postprocess_inputs': False, 'shuffle_buffer_size': 0, 'output': None, 'output_compress_columns': ['obs', 'new_obs'], 'output_max_file_size': 67108864, 'multiagent': {'policies': {}, 'policy_mapping_fn': None, 'policies_to_train': None}, 'use_gae': True, 'lambda': 1.0, 'kl_coeff': 1.0, 'sgd_minibatch_size': 1000, 'num_sgd_iter': 20, 'lr_schedule': None, 'vf_share_layers': False, 'vf_loss_coeff': 1.0, 'entropy_coeff': 0.0, 'clip_param': 0.3, 'vf_clip_param': 10.0, 'grad_clip': None, 'kl_target': 0.01, 'simple_optimizer': False, 'straggler_mitigation': False}",24169.263699054718,504000,20,0
30.786073984041806,-8.570375231911664,11.996076183460097,150.0,168,{},{},"{'mean_env_wait_ms': 3.0479724755348694, 'mean_processing_ms': 9.54122789916613, 'mean_inference_ms': 19.006910453505643}",{},0,"{'num_steps_trained': 525000, 'num_steps_sampled': 529200, 'sample_time_ms': 1056811.175, 'load_time_ms': 17.831, 'grad_time_ms': 430088.157, 'update_time_ms': 0.008, 'learner': {'default_policy': {'cur_kl_coeff': 0.125, 'cur_lr': 9.999999747378752e-05, 'total_loss': 3.0821733474731445, 'policy_loss': -0.013263736851513386, 'vf_loss': 3.094217300415039, 'vf_explained_var': 0.9221782088279724, 'kl': 0.009759762324392796, 'entropy': 2.628767490386963}}}",25200,False,529200,3528,21,e47dab3640d4493b9cb02c9d013e0248,2019-07-15_10-11-34,1563178294,1352.880697965622,25522.14439702034,58430,KayidmacOS,192.168.0.3,"{'monitor': False, 'log_level': 'INFO', 'callbacks': {'on_episode_start': None, 'on_episode_step': None, 'on_episode_end': None, 'on_sample_end': None, 'on_train_result': None, 'on_postprocess_traj': None}, 'ignore_worker_failures': False, 'use_eager': False, 'model': {'conv_filters': None, 'conv_activation': 'relu', 'fcnet_activation': 'tanh', 'fcnet_hiddens': [256, 256], 'free_log_std': True, 'squash_to_range': False, 'use_lstm': False, 'max_seq_len': 20, 'lstm_cell_size': 256, 'lstm_use_prev_action_reward': False, 'framestack': True, 'dim': 84, 'grayscale': False, 'zero_mean': True, 'custom_preprocessor': None, 'custom_model': None, 'custom_options': {}}, 'optimizer': {}, 'gamma': 0.995, 'horizon': None, 'soft_horizon': False, 'env_config': {}, 'env': 'RoboschoolReacher-v1', 'clip_rewards': None, 'clip_actions': True, 'preprocessor_pref': 'deepmind', 'lr': 0.0001, 'evaluation_interval': None, 'evaluation_num_episodes': 10, 'evaluation_config': {}, 'num_workers': 0, 'num_gpus': 0, 'num_cpus_per_worker': 1, 'num_gpus_per_worker': 0, 'custom_resources_per_worker': {}, 'num_cpus_for_driver': 1, 'num_envs_per_worker': 1, 'sample_batch_size': 200, 'train_batch_size': 25000, 'batch_mode': 'complete_episodes', 'sample_async': False, 'observation_filter': 'MeanStdFilter', 'synchronize_filters': True, 'tf_session_args': {'intra_op_parallelism_threads': 2, 'inter_op_parallelism_threads': 2, 'gpu_options': {'allow_growth': True}, 'log_device_placement': False, 'device_count': {'CPU': 1}, 'allow_soft_placement': True}, 'local_tf_session_args': {'intra_op_parallelism_threads': 8, 'inter_op_parallelism_threads': 8}, 'compress_observations': False, 'collect_metrics_timeout': 180, 'metrics_smoothing_episodes': 100, 'remote_worker_envs': False, 'remote_env_batch_wait_ms': 0, 'min_iter_time_s': 0, 'timesteps_per_iteration': 0, 'input': 'sampler', 'input_evaluation': ['is', 'wis'], 'postprocess_inputs': False, 'shuffle_buffer_size': 0, 'output': None, 'output_compress_columns': ['obs', 'new_obs'], 'output_max_file_size': 67108864, 'multiagent': {'policies': {}, 'policy_mapping_fn': None, 'policies_to_train': None}, 'use_gae': True, 'lambda': 1.0, 'kl_coeff': 1.0, 'sgd_minibatch_size': 1000, 'num_sgd_iter': 20, 'lr_schedule': None, 'vf_share_layers': False, 'vf_loss_coeff': 1.0, 'entropy_coeff': 0.0, 'clip_param': 0.3, 'vf_clip_param': 10.0, 'grad_clip': None, 'kl_target': 0.01, 'simple_optimizer': False, 'straggler_mitigation': False}",25522.14439702034,529200,21,0
32.669711574428014,-12.228850637545687,12.431483651891629,150.0,168,{},{},"{'mean_env_wait_ms': 3.2236507565207715, 'mean_processing_ms': 9.588481093637954, 'mean_inference_ms': 19.407713838189633}",{},0,"{'num_steps_trained': 550000, 'num_steps_sampled': 554400, 'sample_time_ms': 871848.931, 'load_time_ms': 19.301, 'grad_time_ms': 130103.981, 'update_time_ms': 0.008, 'learner': {'default_policy': {'cur_kl_coeff': 0.125, 'cur_lr': 9.999999747378752e-05, 'total_loss': 1.878360629081726, 'policy_loss': -0.012359273619949818, 'vf_loss': 1.8896390199661255, 'vf_explained_var': 0.9542912244796753, 'kl': 0.008646257221698761, 'entropy': 2.6161718368530273}}}",25200,False,554400,3696,22,e47dab3640d4493b9cb02c9d013e0248,2019-07-15_10-33-24,1563179604,1309.5476858615875,26831.692082881927,58430,KayidmacOS,192.168.0.3,"{'monitor': False, 'log_level': 'INFO', 'callbacks': {'on_episode_start': None, 'on_episode_step': None, 'on_episode_end': None, 'on_sample_end': None, 'on_train_result': None, 'on_postprocess_traj': None}, 'ignore_worker_failures': False, 'use_eager': False, 'model': {'conv_filters': None, 'conv_activation': 'relu', 'fcnet_activation': 'tanh', 'fcnet_hiddens': [256, 256], 'free_log_std': True, 'squash_to_range': False, 'use_lstm': False, 'max_seq_len': 20, 'lstm_cell_size': 256, 'lstm_use_prev_action_reward': False, 'framestack': True, 'dim': 84, 'grayscale': False, 'zero_mean': True, 'custom_preprocessor': None, 'custom_model': None, 'custom_options': {}}, 'optimizer': {}, 'gamma': 0.995, 'horizon': None, 'soft_horizon': False, 'env_config': {}, 'env': 'RoboschoolReacher-v1', 'clip_rewards': None, 'clip_actions': True, 'preprocessor_pref': 'deepmind', 'lr': 0.0001, 'evaluation_interval': None, 'evaluation_num_episodes': 10, 'evaluation_config': {}, 'num_workers': 0, 'num_gpus': 0, 'num_cpus_per_worker': 1, 'num_gpus_per_worker': 0, 'custom_resources_per_worker': {}, 'num_cpus_for_driver': 1, 'num_envs_per_worker': 1, 'sample_batch_size': 200, 'train_batch_size': 25000, 'batch_mode': 'complete_episodes', 'sample_async': False, 'observation_filter': 'MeanStdFilter', 'synchronize_filters': True, 'tf_session_args': {'intra_op_parallelism_threads': 2, 'inter_op_parallelism_threads': 2, 'gpu_options': {'allow_growth': True}, 'log_device_placement': False, 'device_count': {'CPU': 1}, 'allow_soft_placement': True}, 'local_tf_session_args': {'intra_op_parallelism_threads': 8, 'inter_op_parallelism_threads': 8}, 'compress_observations': False, 'collect_metrics_timeout': 180, 'metrics_smoothing_episodes': 100, 'remote_worker_envs': False, 'remote_env_batch_wait_ms': 0, 'min_iter_time_s': 0, 'timesteps_per_iteration': 0, 'input': 'sampler', 'input_evaluation': ['is', 'wis'], 'postprocess_inputs': False, 'shuffle_buffer_size': 0, 'output': None, 'output_compress_columns': ['obs', 'new_obs'], 'output_max_file_size': 67108864, 'multiagent': {'policies': {}, 'policy_mapping_fn': None, 'policies_to_train': None}, 'use_gae': True, 'lambda': 1.0, 'kl_coeff': 1.0, 'sgd_minibatch_size': 1000, 'num_sgd_iter': 20, 'lr_schedule': None, 'vf_share_layers': False, 'vf_loss_coeff': 1.0, 'entropy_coeff': 0.0, 'clip_param': 0.3, 'vf_clip_param': 10.0, 'grad_clip': None, 'kl_target': 0.01, 'simple_optimizer': False, 'straggler_mitigation': False}",26831.692082881927,554400,22,0
33.593201929079704,-8.635339559846228,12.49266833546711,150.0,168,{},{},"{'mean_env_wait_ms': 3.4686033850883384, 'mean_processing_ms': 9.715464095969823, 'mean_inference_ms': 20.051024909471145}",{},0,"{'num_steps_trained': 575000, 'num_steps_sampled': 579600, 'sample_time_ms': 971372.559, 'load_time_ms': 19.321, 'grad_time_ms': 140290.296, 'update_time_ms': 0.01, 'learner': {'default_policy': {'cur_kl_coeff': 0.125, 'cur_lr': 9.999999747378752e-05, 'total_loss': 1.9262484312057495, 'policy_loss': -0.012841620482504368, 'vf_loss': 1.9379249811172485, 'vf_explained_var': 0.9521698951721191, 'kl': 0.009320192039012909, 'entropy': 2.6035337448120117}}}",25200,False,579600,3864,23,e47dab3640d4493b9cb02c9d013e0248,2019-07-15_10-59-40,1563181180,1576.3324649333954,28408.024547815323,58430,KayidmacOS,192.168.0.3,"{'monitor': False, 'log_level': 'INFO', 'callbacks': {'on_episode_start': None, 'on_episode_step': None, 'on_episode_end': None, 'on_sample_end': None, 'on_train_result': None, 'on_postprocess_traj': None}, 'ignore_worker_failures': False, 'use_eager': False, 'model': {'conv_filters': None, 'conv_activation': 'relu', 'fcnet_activation': 'tanh', 'fcnet_hiddens': [256, 256], 'free_log_std': True, 'squash_to_range': False, 'use_lstm': False, 'max_seq_len': 20, 'lstm_cell_size': 256, 'lstm_use_prev_action_reward': False, 'framestack': True, 'dim': 84, 'grayscale': False, 'zero_mean': True, 'custom_preprocessor': None, 'custom_model': None, 'custom_options': {}}, 'optimizer': {}, 'gamma': 0.995, 'horizon': None, 'soft_horizon': False, 'env_config': {}, 'env': 'RoboschoolReacher-v1', 'clip_rewards': None, 'clip_actions': True, 'preprocessor_pref': 'deepmind', 'lr': 0.0001, 'evaluation_interval': None, 'evaluation_num_episodes': 10, 'evaluation_config': {}, 'num_workers': 0, 'num_gpus': 0, 'num_cpus_per_worker': 1, 'num_gpus_per_worker': 0, 'custom_resources_per_worker': {}, 'num_cpus_for_driver': 1, 'num_envs_per_worker': 1, 'sample_batch_size': 200, 'train_batch_size': 25000, 'batch_mode': 'complete_episodes', 'sample_async': False, 'observation_filter': 'MeanStdFilter', 'synchronize_filters': True, 'tf_session_args': {'intra_op_parallelism_threads': 2, 'inter_op_parallelism_threads': 2, 'gpu_options': {'allow_growth': True}, 'log_device_placement': False, 'device_count': {'CPU': 1}, 'allow_soft_placement': True}, 'local_tf_session_args': {'intra_op_parallelism_threads': 8, 'inter_op_parallelism_threads': 8}, 'compress_observations': False, 'collect_metrics_timeout': 180, 'metrics_smoothing_episodes': 100, 'remote_worker_envs': False, 'remote_env_batch_wait_ms': 0, 'min_iter_time_s': 0, 'timesteps_per_iteration': 0, 'input': 'sampler', 'input_evaluation': ['is', 'wis'], 'postprocess_inputs': False, 'shuffle_buffer_size': 0, 'output': None, 'output_compress_columns': ['obs', 'new_obs'], 'output_max_file_size': 67108864, 'multiagent': {'policies': {}, 'policy_mapping_fn': None, 'policies_to_train': None}, 'use_gae': True, 'lambda': 1.0, 'kl_coeff': 1.0, 'sgd_minibatch_size': 1000, 'num_sgd_iter': 20, 'lr_schedule': None, 'vf_share_layers': False, 'vf_loss_coeff': 1.0, 'entropy_coeff': 0.0, 'clip_param': 0.3, 'vf_clip_param': 10.0, 'grad_clip': None, 'kl_target': 0.01, 'simple_optimizer': False, 'straggler_mitigation': False}",28408.024547815323,579600,23,0
31.275801970415777,-15.618456892538426,11.16217895360714,150.0,168,{},{},"{'mean_env_wait_ms': 3.680736009750667, 'mean_processing_ms': 9.796445263965753, 'mean_inference_ms': 20.56305849847083}",{},0,"{'num_steps_trained': 600000, 'num_steps_sampled': 604800, 'sample_time_ms': 1069019.546, 'load_time_ms': 19.703, 'grad_time_ms': 153873.606, 'update_time_ms': 0.01, 'learner': {'default_policy': {'cur_kl_coeff': 0.125, 'cur_lr': 9.999999747378752e-05, 'total_loss': 1.7483772039413452, 'policy_loss': -0.011736004613339901, 'vf_loss': 1.759057879447937, 'vf_explained_var': 0.9483585953712463, 'kl': 0.008442290127277374, 'entropy': 2.5889906883239746}}}",25200,False,604800,4032,24,e47dab3640d4493b9cb02c9d013e0248,2019-07-15_11-25-03,1563182703,1522.65740275383,29930.681950569153,58430,KayidmacOS,192.168.0.3,"{'monitor': False, 'log_level': 'INFO', 'callbacks': {'on_episode_start': None, 'on_episode_step': None, 'on_episode_end': None, 'on_sample_end': None, 'on_train_result': None, 'on_postprocess_traj': None}, 'ignore_worker_failures': False, 'use_eager': False, 'model': {'conv_filters': None, 'conv_activation': 'relu', 'fcnet_activation': 'tanh', 'fcnet_hiddens': [256, 256], 'free_log_std': True, 'squash_to_range': False, 'use_lstm': False, 'max_seq_len': 20, 'lstm_cell_size': 256, 'lstm_use_prev_action_reward': False, 'framestack': True, 'dim': 84, 'grayscale': False, 'zero_mean': True, 'custom_preprocessor': None, 'custom_model': None, 'custom_options': {}}, 'optimizer': {}, 'gamma': 0.995, 'horizon': None, 'soft_horizon': False, 'env_config': {}, 'env': 'RoboschoolReacher-v1', 'clip_rewards': None, 'clip_actions': True, 'preprocessor_pref': 'deepmind', 'lr': 0.0001, 'evaluation_interval': None, 'evaluation_num_episodes': 10, 'evaluation_config': {}, 'num_workers': 0, 'num_gpus': 0, 'num_cpus_per_worker': 1, 'num_gpus_per_worker': 0, 'custom_resources_per_worker': {}, 'num_cpus_for_driver': 1, 'num_envs_per_worker': 1, 'sample_batch_size': 200, 'train_batch_size': 25000, 'batch_mode': 'complete_episodes', 'sample_async': False, 'observation_filter': 'MeanStdFilter', 'synchronize_filters': True, 'tf_session_args': {'intra_op_parallelism_threads': 2, 'inter_op_parallelism_threads': 2, 'gpu_options': {'allow_growth': True}, 'log_device_placement': False, 'device_count': {'CPU': 1}, 'allow_soft_placement': True}, 'local_tf_session_args': {'intra_op_parallelism_threads': 8, 'inter_op_parallelism_threads': 8}, 'compress_observations': False, 'collect_metrics_timeout': 180, 'metrics_smoothing_episodes': 100, 'remote_worker_envs': False, 'remote_env_batch_wait_ms': 0, 'min_iter_time_s': 0, 'timesteps_per_iteration': 0, 'input': 'sampler', 'input_evaluation': ['is', 'wis'], 'postprocess_inputs': False, 'shuffle_buffer_size': 0, 'output': None, 'output_compress_columns': ['obs', 'new_obs'], 'output_max_file_size': 67108864, 'multiagent': {'policies': {}, 'policy_mapping_fn': None, 'policies_to_train': None}, 'use_gae': True, 'lambda': 1.0, 'kl_coeff': 1.0, 'sgd_minibatch_size': 1000, 'num_sgd_iter': 20, 'lr_schedule': None, 'vf_share_layers': False, 'vf_loss_coeff': 1.0, 'entropy_coeff': 0.0, 'clip_param': 0.3, 'vf_clip_param': 10.0, 'grad_clip': None, 'kl_target': 0.01, 'simple_optimizer': False, 'straggler_mitigation': False}",29930.681950569153,604800,24,0
31.98250372682693,-19.149112393922035,10.669381049764377,150.0,168,{},{},"{'mean_env_wait_ms': 3.8869050563852263, 'mean_processing_ms': 9.953692390497977, 'mean_inference_ms': 21.172344652338687}",{},0,"{'num_steps_trained': 625000, 'num_steps_sampled': 630000, 'sample_time_ms': 1150835.29, 'load_time_ms': 19.653, 'grad_time_ms': 165522.084, 'update_time_ms': 0.011, 'learner': {'default_policy': {'cur_kl_coeff': 0.125, 'cur_lr': 9.999999747378752e-05, 'total_loss': 1.91154146194458, 'policy_loss': -0.009744081646203995, 'vf_loss': 1.9201964139938354, 'vf_explained_var': 0.9464035034179688, 'kl': 0.008712714537978172, 'entropy': 2.5819437503814697}}}",25200,False,630000,4200,25,e47dab3640d4493b9cb02c9d013e0248,2019-07-15_11-53-05,1563184385,1681.2868039608002,31611.968754529953,58430,KayidmacOS,192.168.0.3,"{'monitor': False, 'log_level': 'INFO', 'callbacks': {'on_episode_start': None, 'on_episode_step': None, 'on_episode_end': None, 'on_sample_end': None, 'on_train_result': None, 'on_postprocess_traj': None}, 'ignore_worker_failures': False, 'use_eager': False, 'model': {'conv_filters': None, 'conv_activation': 'relu', 'fcnet_activation': 'tanh', 'fcnet_hiddens': [256, 256], 'free_log_std': True, 'squash_to_range': False, 'use_lstm': False, 'max_seq_len': 20, 'lstm_cell_size': 256, 'lstm_use_prev_action_reward': False, 'framestack': True, 'dim': 84, 'grayscale': False, 'zero_mean': True, 'custom_preprocessor': None, 'custom_model': None, 'custom_options': {}}, 'optimizer': {}, 'gamma': 0.995, 'horizon': None, 'soft_horizon': False, 'env_config': {}, 'env': 'RoboschoolReacher-v1', 'clip_rewards': None, 'clip_actions': True, 'preprocessor_pref': 'deepmind', 'lr': 0.0001, 'evaluation_interval': None, 'evaluation_num_episodes': 10, 'evaluation_config': {}, 'num_workers': 0, 'num_gpus': 0, 'num_cpus_per_worker': 1, 'num_gpus_per_worker': 0, 'custom_resources_per_worker': {}, 'num_cpus_for_driver': 1, 'num_envs_per_worker': 1, 'sample_batch_size': 200, 'train_batch_size': 25000, 'batch_mode': 'complete_episodes', 'sample_async': False, 'observation_filter': 'MeanStdFilter', 'synchronize_filters': True, 'tf_session_args': {'intra_op_parallelism_threads': 2, 'inter_op_parallelism_threads': 2, 'gpu_options': {'allow_growth': True}, 'log_device_placement': False, 'device_count': {'CPU': 1}, 'allow_soft_placement': True}, 'local_tf_session_args': {'intra_op_parallelism_threads': 8, 'inter_op_parallelism_threads': 8}, 'compress_observations': False, 'collect_metrics_timeout': 180, 'metrics_smoothing_episodes': 100, 'remote_worker_envs': False, 'remote_env_batch_wait_ms': 0, 'min_iter_time_s': 0, 'timesteps_per_iteration': 0, 'input': 'sampler', 'input_evaluation': ['is', 'wis'], 'postprocess_inputs': False, 'shuffle_buffer_size': 0, 'output': None, 'output_compress_columns': ['obs', 'new_obs'], 'output_max_file_size': 67108864, 'multiagent': {'policies': {}, 'policy_mapping_fn': None, 'policies_to_train': None}, 'use_gae': True, 'lambda': 1.0, 'kl_coeff': 1.0, 'sgd_minibatch_size': 1000, 'num_sgd_iter': 20, 'lr_schedule': None, 'vf_share_layers': False, 'vf_loss_coeff': 1.0, 'entropy_coeff': 0.0, 'clip_param': 0.3, 'vf_clip_param': 10.0, 'grad_clip': None, 'kl_target': 0.01, 'simple_optimizer': False, 'straggler_mitigation': False}",31611.968754529953,630000,25,0
31.739112374040005,-8.707497692516359,10.966600322848569,150.0,168,{},{},"{'mean_env_wait_ms': 4.031926807201995, 'mean_processing_ms': 10.05301109186145, 'mean_inference_ms': 21.658406154307556}",{},0,"{'num_steps_trained': 650000, 'num_steps_sampled': 655200, 'sample_time_ms': 1214931.283, 'load_time_ms': 42.813, 'grad_time_ms': 167341.897, 'update_time_ms': 0.011, 'learner': {'default_policy': {'cur_kl_coeff': 0.125, 'cur_lr': 9.999999747378752e-05, 'total_loss': 1.4629484415054321, 'policy_loss': -0.011216717772185802, 'vf_loss': 1.4730541706085205, 'vf_explained_var': 0.9569991827011108, 'kl': 0.008886669762432575, 'entropy': 2.5689785480499268}}}",25200,False,655200,4368,26,e47dab3640d4493b9cb02c9d013e0248,2019-07-15_12-18-08,1563185888,1502.897453069687,33114.86620759964,58430,KayidmacOS,192.168.0.3,"{'monitor': False, 'log_level': 'INFO', 'callbacks': {'on_episode_start': None, 'on_episode_step': None, 'on_episode_end': None, 'on_sample_end': None, 'on_train_result': None, 'on_postprocess_traj': None}, 'ignore_worker_failures': False, 'use_eager': False, 'model': {'conv_filters': None, 'conv_activation': 'relu', 'fcnet_activation': 'tanh', 'fcnet_hiddens': [256, 256], 'free_log_std': True, 'squash_to_range': False, 'use_lstm': False, 'max_seq_len': 20, 'lstm_cell_size': 256, 'lstm_use_prev_action_reward': False, 'framestack': True, 'dim': 84, 'grayscale': False, 'zero_mean': True, 'custom_preprocessor': None, 'custom_model': None, 'custom_options': {}}, 'optimizer': {}, 'gamma': 0.995, 'horizon': None, 'soft_horizon': False, 'env_config': {}, 'env': 'RoboschoolReacher-v1', 'clip_rewards': None, 'clip_actions': True, 'preprocessor_pref': 'deepmind', 'lr': 0.0001, 'evaluation_interval': None, 'evaluation_num_episodes': 10, 'evaluation_config': {}, 'num_workers': 0, 'num_gpus': 0, 'num_cpus_per_worker': 1, 'num_gpus_per_worker': 0, 'custom_resources_per_worker': {}, 'num_cpus_for_driver': 1, 'num_envs_per_worker': 1, 'sample_batch_size': 200, 'train_batch_size': 25000, 'batch_mode': 'complete_episodes', 'sample_async': False, 'observation_filter': 'MeanStdFilter', 'synchronize_filters': True, 'tf_session_args': {'intra_op_parallelism_threads': 2, 'inter_op_parallelism_threads': 2, 'gpu_options': {'allow_growth': True}, 'log_device_placement': False, 'device_count': {'CPU': 1}, 'allow_soft_placement': True}, 'local_tf_session_args': {'intra_op_parallelism_threads': 8, 'inter_op_parallelism_threads': 8}, 'compress_observations': False, 'collect_metrics_timeout': 180, 'metrics_smoothing_episodes': 100, 'remote_worker_envs': False, 'remote_env_batch_wait_ms': 0, 'min_iter_time_s': 0, 'timesteps_per_iteration': 0, 'input': 'sampler', 'input_evaluation': ['is', 'wis'], 'postprocess_inputs': False, 'shuffle_buffer_size': 0, 'output': None, 'output_compress_columns': ['obs', 'new_obs'], 'output_max_file_size': 67108864, 'multiagent': {'policies': {}, 'policy_mapping_fn': None, 'policies_to_train': None}, 'use_gae': True, 'lambda': 1.0, 'kl_coeff': 1.0, 'sgd_minibatch_size': 1000, 'num_sgd_iter': 20, 'lr_schedule': None, 'vf_share_layers': False, 'vf_loss_coeff': 1.0, 'entropy_coeff': 0.0, 'clip_param': 0.3, 'vf_clip_param': 10.0, 'grad_clip': None, 'kl_target': 0.01, 'simple_optimizer': False, 'straggler_mitigation': False}",33114.86620759964,655200,26,0
32.23145643531282,-8.470277003205098,12.596089222442222,150.0,168,{},{},"{'mean_env_wait_ms': 4.0928116370704375, 'mean_processing_ms': 9.943685264310275, 'mean_inference_ms': 21.658133052576265}",{},0,"{'num_steps_trained': 675000, 'num_steps_sampled': 680400, 'sample_time_ms': 1220162.37, 'load_time_ms': 43.1, 'grad_time_ms': 164083.113, 'update_time_ms': 0.011, 'learner': {'default_policy': {'cur_kl_coeff': 0.125, 'cur_lr': 9.999999747378752e-05, 'total_loss': 1.4542735815048218, 'policy_loss': -0.011252220720052719, 'vf_loss': 1.4645204544067383, 'vf_explained_var': 0.9611805081367493, 'kl': 0.008041552267968655, 'entropy': 2.554832696914673}}}",25200,False,680400,4536,27,e47dab3640d4493b9cb02c9d013e0248,2019-07-15_12-34-32,1563186872,984.2941551208496,34099.16036272049,58430,KayidmacOS,192.168.0.3,"{'monitor': False, 'log_level': 'INFO', 'callbacks': {'on_episode_start': None, 'on_episode_step': None, 'on_episode_end': None, 'on_sample_end': None, 'on_train_result': None, 'on_postprocess_traj': None}, 'ignore_worker_failures': False, 'use_eager': False, 'model': {'conv_filters': None, 'conv_activation': 'relu', 'fcnet_activation': 'tanh', 'fcnet_hiddens': [256, 256], 'free_log_std': True, 'squash_to_range': False, 'use_lstm': False, 'max_seq_len': 20, 'lstm_cell_size': 256, 'lstm_use_prev_action_reward': False, 'framestack': True, 'dim': 84, 'grayscale': False, 'zero_mean': True, 'custom_preprocessor': None, 'custom_model': None, 'custom_options': {}}, 'optimizer': {}, 'gamma': 0.995, 'horizon': None, 'soft_horizon': False, 'env_config': {}, 'env': 'RoboschoolReacher-v1', 'clip_rewards': None, 'clip_actions': True, 'preprocessor_pref': 'deepmind', 'lr': 0.0001, 'evaluation_interval': None, 'evaluation_num_episodes': 10, 'evaluation_config': {}, 'num_workers': 0, 'num_gpus': 0, 'num_cpus_per_worker': 1, 'num_gpus_per_worker': 0, 'custom_resources_per_worker': {}, 'num_cpus_for_driver': 1, 'num_envs_per_worker': 1, 'sample_batch_size': 200, 'train_batch_size': 25000, 'batch_mode': 'complete_episodes', 'sample_async': False, 'observation_filter': 'MeanStdFilter', 'synchronize_filters': True, 'tf_session_args': {'intra_op_parallelism_threads': 2, 'inter_op_parallelism_threads': 2, 'gpu_options': {'allow_growth': True}, 'log_device_placement': False, 'device_count': {'CPU': 1}, 'allow_soft_placement': True}, 'local_tf_session_args': {'intra_op_parallelism_threads': 8, 'inter_op_parallelism_threads': 8}, 'compress_observations': False, 'collect_metrics_timeout': 180, 'metrics_smoothing_episodes': 100, 'remote_worker_envs': False, 'remote_env_batch_wait_ms': 0, 'min_iter_time_s': 0, 'timesteps_per_iteration': 0, 'input': 'sampler', 'input_evaluation': ['is', 'wis'], 'postprocess_inputs': False, 'shuffle_buffer_size': 0, 'output': None, 'output_compress_columns': ['obs', 'new_obs'], 'output_max_file_size': 67108864, 'multiagent': {'policies': {}, 'policy_mapping_fn': None, 'policies_to_train': None}, 'use_gae': True, 'lambda': 1.0, 'kl_coeff': 1.0, 'sgd_minibatch_size': 1000, 'num_sgd_iter': 20, 'lr_schedule': None, 'vf_share_layers': False, 'vf_loss_coeff': 1.0, 'entropy_coeff': 0.0, 'clip_param': 0.3, 'vf_clip_param': 10.0, 'grad_clip': None, 'kl_target': 0.01, 'simple_optimizer': False, 'straggler_mitigation': False}",34099.16036272049,680400,27,0
33.152778881185924,-11.093321018718513,11.983195705400478,150.0,168,{},{},"{'mean_env_wait_ms': 4.148349311738967, 'mean_processing_ms': 9.82793501230759, 'mean_inference_ms': 21.629678485869622}",{},0,"{'num_steps_trained': 700000, 'num_steps_sampled': 705600, 'sample_time_ms': 1210873.018, 'load_time_ms': 43.268, 'grad_time_ms': 162284.757, 'update_time_ms': 0.011, 'learner': {'default_policy': {'cur_kl_coeff': 0.125, 'cur_lr': 9.999999747378752e-05, 'total_loss': 1.1118932962417603, 'policy_loss': -0.013449928723275661, 'vf_loss': 1.1242586374282837, 'vf_explained_var': 0.9671357870101929, 'kl': 0.008676227182149887, 'entropy': 2.541332960128784}}}",25200,False,705600,4704,28,e47dab3640d4493b9cb02c9d013e0248,2019-07-15_12-50-56,1563187856,983.7500951290131,35082.9104578495,58430,KayidmacOS,192.168.0.3,"{'monitor': False, 'log_level': 'INFO', 'callbacks': {'on_episode_start': None, 'on_episode_step': None, 'on_episode_end': None, 'on_sample_end': None, 'on_train_result': None, 'on_postprocess_traj': None}, 'ignore_worker_failures': False, 'use_eager': False, 'model': {'conv_filters': None, 'conv_activation': 'relu', 'fcnet_activation': 'tanh', 'fcnet_hiddens': [256, 256], 'free_log_std': True, 'squash_to_range': False, 'use_lstm': False, 'max_seq_len': 20, 'lstm_cell_size': 256, 'lstm_use_prev_action_reward': False, 'framestack': True, 'dim': 84, 'grayscale': False, 'zero_mean': True, 'custom_preprocessor': None, 'custom_model': None, 'custom_options': {}}, 'optimizer': {}, 'gamma': 0.995, 'horizon': None, 'soft_horizon': False, 'env_config': {}, 'env': 'RoboschoolReacher-v1', 'clip_rewards': None, 'clip_actions': True, 'preprocessor_pref': 'deepmind', 'lr': 0.0001, 'evaluation_interval': None, 'evaluation_num_episodes': 10, 'evaluation_config': {}, 'num_workers': 0, 'num_gpus': 0, 'num_cpus_per_worker': 1, 'num_gpus_per_worker': 0, 'custom_resources_per_worker': {}, 'num_cpus_for_driver': 1, 'num_envs_per_worker': 1, 'sample_batch_size': 200, 'train_batch_size': 25000, 'batch_mode': 'complete_episodes', 'sample_async': False, 'observation_filter': 'MeanStdFilter', 'synchronize_filters': True, 'tf_session_args': {'intra_op_parallelism_threads': 2, 'inter_op_parallelism_threads': 2, 'gpu_options': {'allow_growth': True}, 'log_device_placement': False, 'device_count': {'CPU': 1}, 'allow_soft_placement': True}, 'local_tf_session_args': {'intra_op_parallelism_threads': 8, 'inter_op_parallelism_threads': 8}, 'compress_observations': False, 'collect_metrics_timeout': 180, 'metrics_smoothing_episodes': 100, 'remote_worker_envs': False, 'remote_env_batch_wait_ms': 0, 'min_iter_time_s': 0, 'timesteps_per_iteration': 0, 'input': 'sampler', 'input_evaluation': ['is', 'wis'], 'postprocess_inputs': False, 'shuffle_buffer_size': 0, 'output': None, 'output_compress_columns': ['obs', 'new_obs'], 'output_max_file_size': 67108864, 'multiagent': {'policies': {}, 'policy_mapping_fn': None, 'policies_to_train': None}, 'use_gae': True, 'lambda': 1.0, 'kl_coeff': 1.0, 'sgd_minibatch_size': 1000, 'num_sgd_iter': 20, 'lr_schedule': None, 'vf_share_layers': False, 'vf_loss_coeff': 1.0, 'entropy_coeff': 0.0, 'clip_param': 0.3, 'vf_clip_param': 10.0, 'grad_clip': None, 'kl_target': 0.01, 'simple_optimizer': False, 'straggler_mitigation': False}",35082.9104578495,705600,28,0
33.04501141669651,-8.902506305872253,10.612638257495401,150.0,168,{},{},"{'mean_env_wait_ms': 4.197466967058728, 'mean_processing_ms': 9.724085392371821, 'mean_inference_ms': 21.60678496716233}",{},0,"{'num_steps_trained': 725000, 'num_steps_sampled': 730800, 'sample_time_ms': 1163632.516, 'load_time_ms': 40.513, 'grad_time_ms': 157485.578, 'update_time_ms': 0.012, 'learner': {'default_policy': {'cur_kl_coeff': 0.125, 'cur_lr': 9.999999747378752e-05, 'total_loss': 1.3023144006729126, 'policy_loss': -0.012333844788372517, 'vf_loss': 1.3135074377059937, 'vf_explained_var': 0.9584592580795288, 'kl': 0.00912631954997778, 'entropy': 2.529233932495117}}}",25200,False,730800,4872,29,e47dab3640d4493b9cb02c9d013e0248,2019-07-15_13-07-11,1563188831,974.4720470905304,36057.38250494003,58430,KayidmacOS,192.168.0.3,"{'monitor': False, 'log_level': 'INFO', 'callbacks': {'on_episode_start': None, 'on_episode_step': None, 'on_episode_end': None, 'on_sample_end': None, 'on_train_result': None, 'on_postprocess_traj': None}, 'ignore_worker_failures': False, 'use_eager': False, 'model': {'conv_filters': None, 'conv_activation': 'relu', 'fcnet_activation': 'tanh', 'fcnet_hiddens': [256, 256], 'free_log_std': True, 'squash_to_range': False, 'use_lstm': False, 'max_seq_len': 20, 'lstm_cell_size': 256, 'lstm_use_prev_action_reward': False, 'framestack': True, 'dim': 84, 'grayscale': False, 'zero_mean': True, 'custom_preprocessor': None, 'custom_model': None, 'custom_options': {}}, 'optimizer': {}, 'gamma': 0.995, 'horizon': None, 'soft_horizon': False, 'env_config': {}, 'env': 'RoboschoolReacher-v1', 'clip_rewards': None, 'clip_actions': True, 'preprocessor_pref': 'deepmind', 'lr': 0.0001, 'evaluation_interval': None, 'evaluation_num_episodes': 10, 'evaluation_config': {}, 'num_workers': 0, 'num_gpus': 0, 'num_cpus_per_worker': 1, 'num_gpus_per_worker': 0, 'custom_resources_per_worker': {}, 'num_cpus_for_driver': 1, 'num_envs_per_worker': 1, 'sample_batch_size': 200, 'train_batch_size': 25000, 'batch_mode': 'complete_episodes', 'sample_async': False, 'observation_filter': 'MeanStdFilter', 'synchronize_filters': True, 'tf_session_args': {'intra_op_parallelism_threads': 2, 'inter_op_parallelism_threads': 2, 'gpu_options': {'allow_growth': True}, 'log_device_placement': False, 'device_count': {'CPU': 1}, 'allow_soft_placement': True}, 'local_tf_session_args': {'intra_op_parallelism_threads': 8, 'inter_op_parallelism_threads': 8}, 'compress_observations': False, 'collect_metrics_timeout': 180, 'metrics_smoothing_episodes': 100, 'remote_worker_envs': False, 'remote_env_batch_wait_ms': 0, 'min_iter_time_s': 0, 'timesteps_per_iteration': 0, 'input': 'sampler', 'input_evaluation': ['is', 'wis'], 'postprocess_inputs': False, 'shuffle_buffer_size': 0, 'output': None, 'output_compress_columns': ['obs', 'new_obs'], 'output_max_file_size': 67108864, 'multiagent': {'policies': {}, 'policy_mapping_fn': None, 'policies_to_train': None}, 'use_gae': True, 'lambda': 1.0, 'kl_coeff': 1.0, 'sgd_minibatch_size': 1000, 'num_sgd_iter': 20, 'lr_schedule': None, 'vf_share_layers': False, 'vf_loss_coeff': 1.0, 'entropy_coeff': 0.0, 'clip_param': 0.3, 'vf_clip_param': 10.0, 'grad_clip': None, 'kl_target': 0.01, 'simple_optimizer': False, 'straggler_mitigation': False}",36057.38250494003,730800,29,0
32.544357909070555,-7.807619430153205,10.912546652686084,150.0,168,{},{},"{'mean_env_wait_ms': 4.268578437675366, 'mean_processing_ms': 9.646814616687355, 'mean_inference_ms': 21.65846980368443}",{},0,"{'num_steps_trained': 750000, 'num_steps_sampled': 756000, 'sample_time_ms': 1141111.45, 'load_time_ms': 40.863, 'grad_time_ms': 155932.292, 'update_time_ms': 0.089, 'learner': {'default_policy': {'cur_kl_coeff': 0.125, 'cur_lr': 9.999999747378752e-05, 'total_loss': 1.1146258115768433, 'policy_loss': -0.013347956351935863, 'vf_loss': 1.126796007156372, 'vf_explained_var': 0.9628893136978149, 'kl': 0.009423316456377506, 'entropy': 2.5053250789642334}}}",25200,False,756000,5040,30,e47dab3640d4493b9cb02c9d013e0248,2019-07-15_13-25-20,1563189920,1088.849084854126,37146.23158979416,58430,KayidmacOS,192.168.0.3,"{'monitor': False, 'log_level': 'INFO', 'callbacks': {'on_episode_start': None, 'on_episode_step': None, 'on_episode_end': None, 'on_sample_end': None, 'on_train_result': None, 'on_postprocess_traj': None}, 'ignore_worker_failures': False, 'use_eager': False, 'model': {'conv_filters': None, 'conv_activation': 'relu', 'fcnet_activation': 'tanh', 'fcnet_hiddens': [256, 256], 'free_log_std': True, 'squash_to_range': False, 'use_lstm': False, 'max_seq_len': 20, 'lstm_cell_size': 256, 'lstm_use_prev_action_reward': False, 'framestack': True, 'dim': 84, 'grayscale': False, 'zero_mean': True, 'custom_preprocessor': None, 'custom_model': None, 'custom_options': {}}, 'optimizer': {}, 'gamma': 0.995, 'horizon': None, 'soft_horizon': False, 'env_config': {}, 'env': 'RoboschoolReacher-v1', 'clip_rewards': None, 'clip_actions': True, 'preprocessor_pref': 'deepmind', 'lr': 0.0001, 'evaluation_interval': None, 'evaluation_num_episodes': 10, 'evaluation_config': {}, 'num_workers': 0, 'num_gpus': 0, 'num_cpus_per_worker': 1, 'num_gpus_per_worker': 0, 'custom_resources_per_worker': {}, 'num_cpus_for_driver': 1, 'num_envs_per_worker': 1, 'sample_batch_size': 200, 'train_batch_size': 25000, 'batch_mode': 'complete_episodes', 'sample_async': False, 'observation_filter': 'MeanStdFilter', 'synchronize_filters': True, 'tf_session_args': {'intra_op_parallelism_threads': 2, 'inter_op_parallelism_threads': 2, 'gpu_options': {'allow_growth': True}, 'log_device_placement': False, 'device_count': {'CPU': 1}, 'allow_soft_placement': True}, 'local_tf_session_args': {'intra_op_parallelism_threads': 8, 'inter_op_parallelism_threads': 8}, 'compress_observations': False, 'collect_metrics_timeout': 180, 'metrics_smoothing_episodes': 100, 'remote_worker_envs': False, 'remote_env_batch_wait_ms': 0, 'min_iter_time_s': 0, 'timesteps_per_iteration': 0, 'input': 'sampler', 'input_evaluation': ['is', 'wis'], 'postprocess_inputs': False, 'shuffle_buffer_size': 0, 'output': None, 'output_compress_columns': ['obs', 'new_obs'], 'output_max_file_size': 67108864, 'multiagent': {'policies': {}, 'policy_mapping_fn': None, 'policies_to_train': None}, 'use_gae': True, 'lambda': 1.0, 'kl_coeff': 1.0, 'sgd_minibatch_size': 1000, 'num_sgd_iter': 20, 'lr_schedule': None, 'vf_share_layers': False, 'vf_loss_coeff': 1.0, 'entropy_coeff': 0.0, 'clip_param': 0.3, 'vf_clip_param': 10.0, 'grad_clip': None, 'kl_target': 0.01, 'simple_optimizer': False, 'straggler_mitigation': False}",37146.23158979416,756000,30,0
